,year,fips,Deaths,SuicideDeathRate,Population
5210,2002,1001,6,14.22373942,42183
5211,2002,1003,21,14.76170392,142260
5212,2002,1005,5,18.50207223,27024
5213,2002,1007,1,5.371723249,18616
5214,2002,1009,4,8.608259625,46467
5215,2002,1013,3,15.51510137,19336
5216,2002,1015,13,12.14147622,107071
5217,2002,1017,4,11.83887294,33787
5218,2002,1019,5,23.28939401,21469
5219,2002,1021,3,7.851758794,38208
5220,2002,1023,2,13.76462491,14530
5221,2002,1025,4,15.27475465,26187
5222,2002,1027,3,24.11769435,12439
5223,2002,1029,3,22.63296869,13255
5224,2002,1031,7,17.41900164,40186
5225,2002,1033,3,5.763467302,52052
5226,2002,1035,1,7.499625019,13334
5227,2002,1037,1,9.286775632,10768
5228,2002,1039,6,18.56435644,32320
5229,2002,1041,3,23.69106847,12663
5230,2002,1043,8,10.93374153,73168
5231,2002,1045,5,10.8361146,46142
5232,2002,1047,4,9.914241808,40346
5233,2002,1049,10,16.41982201,60902
5234,2002,1051,4,6.049515283,66121
5235,2002,1053,3,8.447135013,35515
5236,2002,1055,13,14.03993822,92593
5237,2002,1057,1,5.961251863,16775
5238,2002,1059,6,21.2630236,28218
5239,2002,1061,4,16.26677511,24590
5240,2002,1065,1,6.153467479,16251
5241,2002,1067,1,6.691648822,14944
5242,2002,1069,10,12.39065249,80706
5243,2002,1071,3,6.515365403,46045
5244,2002,1073,86,15.67523823,548636
5245,2002,1075,3,22.68774106,13223
5246,2002,1077,8,9.987141555,80103
5247,2002,1079,3,9.531071292,31476
5248,2002,1081,10,10.01391935,99861
5249,2002,1083,10,17.25685097,57948
5250,2002,1085,1,8.782715616,11386
5251,2002,1087,2,9.073586789,22042
5252,2002,1089,27,9.696012066,278465
5253,2002,1091,1,5.152248957,19409
5254,2002,1093,5,17.72169845,28214
5255,2002,1095,13,17.23772144,75416
5256,2002,1097,42,10.92634602,384392
5257,2002,1099,1,4.680114195,21367
5258,2002,1101,23,11.54827178,199164
5259,2002,1103,16,15.86388784,100858
5260,2002,1105,1,9.830908376,10172
5261,2002,1107,4,22.59504039,17703
5262,2002,1109,3,11.05786952,27130
5263,2002,1111,4,18.26734256,21897
5264,2002,1113,5,10.85964988,46042
5265,2002,1115,6,8.959503046,66968
5266,2002,1117,14,10.27349512,136273
5267,2002,1119,1,8.084727949,12369
5268,2002,1121,7,9.619348633,72770
5269,2002,1123,6,15.20873996,39451
5270,2002,1125,20,12.21754562,163699
5271,2002,1127,11,17.30049385,63582
5272,2002,1129,2,12.32969607,16221
5273,2002,1133,4,17.53693717,22809
5274,2002,4001,14,22.39211797,62522
5275,2002,4003,20,18.60638199,107490
5276,2002,4005,24,21.36295663,112344
5277,2002,4007,10,20.22122015,49453
5278,2002,4009,8,25.08466073,31892
5279,2002,4012,5,27.69929644,18051
5280,2002,4013,470,15.35199177,3061492
5281,2002,4015,52,33.24638126,156408
5282,2002,4017,26,28.59216575,90934
5283,2002,4019,152,17.91548605,848428
5284,2002,4021,36,18.74765654,192024
5285,2002,4023,1,2.667449118,37489
5286,2002,4025,52,30.31062562,171557
5287,2002,4027,17,10.79700986,157451
5288,2002,5001,4,21.39609521,18695
5289,2002,5003,4,19.82946659,20172
5290,2002,5005,10,26.92659809,37138
5291,2002,5007,14,8.685833406,161182
5292,2002,5009,4,13.47391114,29687
5293,2002,5013,1,21.77226214,4593
5294,2002,5015,3,12.46934619,24059
5295,2002,5017,2,16.73500126,11951
5296,2002,5019,1,4.651595497,21498
5297,2002,5021,2,14.22576286,14059
5298,2002,5023,2,8.727145787,22917
5299,2002,5027,1,4.29000429,23310
5300,2002,5029,4,21.22578933,18845
5301,2002,5031,15,21.13479774,70973
5302,2002,5033,12,24.5594646,48861
5303,2002,5035,4,8.993816751,44475
5304,2002,5037,3,17.06873009,17576
5305,2002,5039,1,13.13887794,7611
5306,2002,5041,2,14.05283867,14232
5307,2002,5043,2,12.11974306,16502
5308,2002,5045,9,10.83971672,83028
5309,2002,5047,4,25.23818537,15849
5310,2002,5051,15,18.67227665,80333
5311,2002,5053,1,7.312079555,13676
5312,2002,5055,5,14.71410494,33981
5313,2002,5057,2,9.365926758,21354
5314,2002,5059,4,14.71291426,27187
5315,2002,5061,3,23.17497103,12945
5316,2002,5063,1,3.510989397,28482
5317,2002,5065,1,8.012178511,12481
5318,2002,5067,3,17.57160429,17073
5319,2002,5069,6,7.768599322,77234
5320,2002,5071,7,32.81608926,21331
5321,2002,5073,4,50.01875703,7997
5322,2002,5075,3,17.6709666,16977
5323,2002,5077,3,27.34232592,10972
5324,2002,5079,1,7.387706856,13536
5325,2002,5081,1,8.383635144,11928
5326,2002,5083,4,18.29826167,21860
5327,2002,5085,6,12.20429998,49163
5328,2002,5089,7,45.4221011,15411
5329,2002,5091,3,8.232485387,36441
5330,2002,5093,10,24.03557265,41605
5331,2002,5095,2,22.96211251,8710
5332,2002,5097,1,12.01634223,8322
5333,2002,5101,1,12.14034236,8237
5334,2002,5103,3,12.12611156,24740
5335,2002,5105,5,56.54829224,8842
5336,2002,5107,1,4.292950974,23294
5337,2002,5109,1,9.604302728,10412
5338,2002,5111,4,18.59254439,21514
5339,2002,5113,2,11.08217432,18047
5340,2002,5115,7,14.46998512,48376
5341,2002,5117,3,33.87151406,8857
5342,2002,5119,55,17.07788135,322054
5343,2002,5121,4,23.846429,16774
5344,2002,5123,2,7.395629183,27043
5345,2002,5125,9,11.53520802,78022
5346,2002,5127,2,21.11486486,9472
5347,2002,5131,13,12.10743956,107372
5348,2002,5133,4,27.13888323,14739
5349,2002,5135,2,12.86339079,15548
5350,2002,5137,3,30.33980583,9888
5351,2002,5139,9,22.32973576,40305
5352,2002,5141,1,7.37517516,13559
5353,2002,5143,23,14.41464026,159560
5354,2002,5145,7,11.48859347,60930
5355,2002,5149,1,5.261773218,19005
5356,2002,6001,136,10.1939397,1334126
5357,2002,6005,3,9.069472157,33078
5358,2002,6007,33,16.34310618,201920
5359,2002,6009,6,15.46112815,38807
5360,2002,6011,4,20.89645805,19142
5361,2002,6013,94,10.65949381,881843
5362,2002,6015,8,30.91667955,25876
5363,2002,6017,23,14.91859635,154170
5364,2002,6019,54,7.274157612,742354
5365,2002,6021,9,35.47077602,25373
5366,2002,6023,28,23.34636839,119933
5367,2002,6025,11,7.866920315,139826
5368,2002,6027,8,51.15089514,15640
5369,2002,6029,70,11.25230069,622095
5370,2002,6031,11,8.495914238,129474
5371,2002,6033,18,29.399755,61225
5372,2002,6035,10,32.01639239,31234
5373,2002,6037,730,8.211099494,8890405
5374,2002,6039,9,7.648638542,117668
5375,2002,6041,47,20.34658459,230997
5376,2002,6043,2,12.91322314,15488
5377,2002,6045,10,12.26106254,81559
5378,2002,6047,19,8.58210135,221391
5379,2002,6051,1,8.067118425,12396
5380,2002,6053,28,7.619317146,367487
5381,2002,6055,10,8.285141427,120698
5382,2002,6057,13,14.68777187,88509
5383,2002,6059,238,8.344746001,2852094
5384,2002,6061,45,17.76928362,253246
5385,2002,6063,5,26.46202699,18895
5386,2002,6065,159,10.22531711,1554964
5387,2002,6067,162,14.37477706,1126974
5388,2002,6069,2,4.28559184,46668
5389,2002,6071,170,10.19908616,1666816
5390,2002,6073,317,12.09231817,2621499
5391,2002,6075,90,12.68904921,709273
5392,2002,6077,54,9.306189133,580259
5393,2002,6079,33,13.8797759,237756
5394,2002,6081,40,6.579272004,607970
5395,2002,6083,45,11.78362129,381886
5396,2002,6085,124,8.317196407,1490887
5397,2002,6087,33,13.21358356,249743
5398,2002,6089,41,24.94433155,164366
5399,2002,6091,2,64.43298969,3104
5400,2002,6093,7,17.21128077,40671
5401,2002,6095,32,8.193950816,390532
5402,2002,6097,61,15.25640769,399832
5403,2002,6099,42,9.148333696,459100
5404,2002,6101,8,11.57239983,69130
5405,2002,6103,6,11.01827197,54455
5406,2002,6105,2,17.6709666,11318
5407,2002,6107,30,8.690236519,345215
5408,2002,6109,12,23.6383335,50765
5409,2002,6111,63,8.41610281,748565
5410,2002,6113,12,7.365532988,162921
5411,2002,6115,8,14.12504193,56637
5412,2002,8001,54,14.76713056,365677
5413,2002,8003,6,44.11116012,13602
5414,2002,8005,72,16.23032636,443614
5415,2002,8007,7,71.19609439,9832
5416,2002,8009,1,24.37835202,4102
5417,2002,8013,43,16.44957059,261405
5418,2002,8015,4,25.60819462,15620
5419,2002,8019,6,73.98273736,8110
5420,2002,8021,2,25.67064562,7791
5421,2002,8023,2,58.12263877,3441
5422,2002,8027,1,28.44141069,3516
5423,2002,8029,6,22.68859898,26445
5424,2002,8031,105,19.91967628,527117
5425,2002,8033,1,58.24111823,1717
5426,2002,8035,24,12.08422706,198606
5427,2002,8037,7,18.88217523,37072
5428,2002,8039,4,21.80074123,18348
5429,2002,8041,86,17.18144404,500540
5430,2002,8043,15,34.82136639,43077
5431,2002,8045,9,20.81646814,43235
5432,2002,8049,4,32.60780957,12267
5433,2002,8051,2,14.61667763,13683
5434,2002,8055,2,28.48191398,7022
5435,2002,8057,2,144.092219,1388
5436,2002,8059,67,16.51197981,405766
5437,2002,8063,1,13.67240908,7314
5438,2002,8065,1,14.60280374,6848
5439,2002,8067,10,24.18847661,41342
5440,2002,8069,33,12.61680099,261556
5441,2002,8071,2,13.60174102,14704
5442,2002,8073,3,57.21914934,5243
5443,2002,8075,6,28.99531242,20693
5444,2002,8077,35,35.52325758,98527
5445,2002,8079,1,143.8848921,695
5446,2002,8081,3,27.48259436,10916
5447,2002,8083,3,13.65871426,21964
5448,2002,8085,10,33.61909565,29745
5449,2002,8087,3,12.95616498,23155
5450,2002,8089,5,26.18623651,19094
5451,2002,8091,3,86.30609896,3476
5452,2002,8093,6,42.75940707,14032
5453,2002,8097,3,22.30317449,13451
5454,2002,8099,1,8.212877792,12176
5455,2002,8101,27,19.64650838,137429
5456,2002,8105,3,27.63448784,10856
5457,2002,8107,4,21.74031197,18399
5458,2002,8109,2,35.00175009,5714
5459,2002,8113,1,16.65556296,6004
5460,2002,8115,1,44.56327986,2244
5461,2002,8117,4,17.98318572,22243
5462,2002,8119,6,29.1163197,20607
5463,2002,8121,1,21.98285337,4549
5464,2002,8123,20,11.39867433,175459
5465,2002,8125,2,23.1320842,8646
5466,2002,9001,58,6.711906459,864136
5467,2002,9003,64,7.772772706,823387
5468,2002,9005,14,7.938623103,176353
5469,2002,9007,11,8.245753437,133402
5470,2002,9009,69,9.122772688,756349
5471,2002,9011,26,10.41608243,249614
5472,2002,9013,4,2.877780656,138996
5473,2002,9015,11,10.63726912,103410
5474,2002,10001,13,10.39459481,125065
5475,2002,10003,38,8.633302738,440156
5476,2002,10005,25,17.21371865,145233
5477,2002,11001,37,7.134964605,518573
5478,2002,12001,31,15.33856164,202105
5479,2002,12003,3,14.28979708,20994
5480,2002,12005,26,20.62133674,126083
5481,2002,12007,3,11.97796055,25046
5482,2002,12009,88,19.51760466,450875
5483,2002,12011,269,16.57833107,1622600
5484,2002,12013,1,8.703977718,11489
5485,2002,12015,19,13.36625653,142149
5486,2002,12017,24,21.33636784,112484
5487,2002,12019,21,15.57851945,134801
5488,2002,12021,32,12.76588954,250668
5489,2002,12023,12,23.54187511,50973
5490,2002,12027,2,6.242002434,32041
5491,2002,12029,2,16.09657948,12425
5492,2002,12031,127,17.52715329,724590
5493,2002,12033,42,14.52789529,289099
5494,2002,12035,4,7.856693903,50912
5495,2002,12037,3,30.97893432,9684
5496,2002,12039,3,7.549068948,39740
5497,2002,12041,3,21.17298327,14169
5498,2002,12043,3,29.71473851,10096
5499,2002,12045,3,21.01428972,14276
5500,2002,12047,3,24.10606669,12445
5501,2002,12049,2,8.68960723,23016
5502,2002,12051,2,5.894662383,33929
5503,2002,12053,29,22.11528929,131131
5504,2002,12055,16,21.038237,76052
5505,2002,12057,139,14.06141094,988521
5506,2002,12059,2,12.13813194,16477
5507,2002,12061,14,13.11033282,106786
5508,2002,12063,6,13.86417728,43277
5509,2002,12065,1,8.465250148,11813
5510,2002,12067,1,15.97188947,6261
5511,2002,12069,41,18.86801136,217299
5512,2002,12071,77,17.13170723,449459
5513,2002,12073,23,10.02528114,229420
5514,2002,12075,12,35.85193152,33471
5515,2002,12079,4,22.85583681,17501
5516,2002,12081,38,14.31720136,265415
5517,2002,12083,55,22.94419971,239712
5518,2002,12085,22,17.72406848,124125
5519,2002,12087,21,28.35653618,74057
5520,2002,12089,8,13.27822868,60249
5521,2002,12091,29,17.86143224,162361
5522,2002,12093,7,20.26929202,34535
5523,2002,12095,100,11.78207405,848747
5524,2002,12097,28,15.52691702,180332
5525,2002,12099,152,13.84787922,1097641
5526,2002,12101,73,23.29447729,313379
5527,2002,12103,146,17.02367807,857629
5528,2002,12105,68,16.66466527,408049
5529,2002,12107,12,18.76407305,63952
5530,2002,12109,21,16.29359507,128885
5531,2002,12111,25,13.72811738,182108
5532,2002,12113,15,13.31333375,112669
5533,2002,12115,62,20.82346738,297741
5534,2002,12117,47,12.8653274,365323
5535,2002,12119,5,9.007872881,55507
5536,2002,12121,6,19.1424196,31344
5537,2002,12123,3,17.15756363,17485
5538,2002,12125,2,15.10688118,13239
5539,2002,12127,86,19.98173762,430393
5540,2002,12129,2,9.299730308,21506
5541,2002,12131,8,21.3487044,37473
5542,2002,12133,2,10.06795872,19865
5543,2002,13001,2,12.64302421,15819
5544,2002,13003,2,28.93937202,6911
5545,2002,13005,2,21.84359983,9156
5546,2002,13009,7,16.96887424,41252
5547,2002,13011,3,23.9540083,12524
5548,2002,13013,9,19.53888238,46062
5549,2002,13015,10,14.15608499,70641
5550,2002,13017,1,6.069434329,16476
5551,2002,13019,1,6.454944487,15492
5552,2002,13021,19,13.48675104,140879
5553,2002,13023,1,9.038322487,11064
5554,2002,13025,2,13.39943722,14926
5555,2002,13027,3,20.54794521,14600
5556,2002,13029,3,13.1308268,22847
5557,2002,13031,6,11.96577788,50143
5558,2002,13033,1,4.944864758,20223
5559,2002,13035,3,17.23939777,17402
5560,2002,13039,5,14.69248626,34031
5561,2002,13045,9,10.55730859,85249
5562,2002,13047,9,16.5346953,54431
5563,2002,13049,1,9.502993443,10523
5564,2002,13051,21,9.987349357,210266
5565,2002,13053,4,25.12720648,15919
5566,2002,13055,2,8.490766292,23555
5567,2002,13057,14,9.914101393,141213
5568,2002,13059,11,11.3999088,96492
5569,2002,13061,1,32.09242619,3116
5570,2002,13063,32,15.04134018,212747
5571,2002,13065,2,34.32887058,5826
5572,2002,13067,56,9.757729516,573904
5573,2002,13071,7,18.44823951,37944
5574,2002,13073,5,5.421405879,92227
5575,2002,13075,3,22.82931284,13141
5576,2002,13077,7,7.477913448,93609
5577,2002,13079,2,19.27710843,10375
5578,2002,13081,3,14.69723692,20412
5579,2002,13083,2,14.21060111,14074
5580,2002,13087,6,22.86933984,26236
5581,2002,13089,63,10.37421267,607275
5582,2002,13091,2,11.83431953,16900
5583,2002,13095,14,15.82743573,88454
5584,2002,13097,13,14.92571586,87098
5585,2002,13099,3,26.93481774,11138
5586,2002,13101,1,31.40703518,3184
5587,2002,13103,5,16.31800529,30641
5588,2002,13105,2,10.84539884,18441
5589,2002,13109,3,30.62474479,9796
5590,2002,13111,3,14.27619682,21014
5591,2002,13113,4,4.895241825,81712
5592,2002,13115,14,17.52036743,79907
5593,2002,13117,14,12.70428951,110199
5594,2002,13119,4,21.17522499,18890
5595,2002,13121,96,13.237618,725206
5596,2002,13123,5,23.56156637,21221
5597,2002,13127,4,6.57559468,60831
5598,2002,13129,11,23.71660809,46381
5599,2002,13131,2,10.23541453,19540
5600,2002,13135,54,9.794514709,551329
5601,2002,13137,2,5.751258088,34775
5602,2002,13139,17,13.36215366,127225
5603,2002,13143,9,35.56187767,25308
5604,2002,13145,3,12.97970839,23113
5605,2002,13147,5,24.25653714,20613
5606,2002,13151,12,9.3236471,128705
5607,2002,13153,8,7.497656982,106700
5608,2002,13155,1,11.46526026,8722
5609,2002,13157,5,11.58050769,43176
5610,2002,13159,5,45.90103736,10893
5611,2002,13161,2,16.66805567,11999
5612,2002,13163,2,12.79344975,15633
5613,2002,13169,3,13.29256945,22569
5614,2002,13171,2,13.6761488,14624
5615,2002,13175,5,12.41896625,40261
5616,2002,13177,3,13.74255612,21830
5617,2002,13179,6,10.84363479,55332
5618,2002,13183,1,10.41883726,9598
5619,2002,13185,15,18.23154057,82275
5620,2002,13187,6,29.526106,20321
5621,2002,13189,2,9.960655411,20079
5622,2002,13191,3,28.26721945,10613
5623,2002,13195,2,8.620689655,23200
5624,2002,13197,3,44.3721343,6761
5625,2002,13199,4,19.00057002,21052
5626,2002,13201,2,35.95828839,5562
5627,2002,13205,5,22.40946576,22312
5628,2002,13207,1,5.076657529,19698
5629,2002,13211,1,7.064142413,14156
5630,2002,13213,2,5.724753836,34936
5631,2002,13215,24,14.80576685,162099
5632,2002,13217,8,12.57762755,63605
5633,2002,13219,4,17.45962462,22910
5634,2002,13221,3,23.78686965,12612
5635,2002,13223,7,7.708571932,90808
5636,2002,13225,4,16.88404879,23691
5637,2002,13227,3,13.29374751,22567
5638,2002,13229,1,6.565988181,15230
5639,2002,13231,1,7.276431638,13743
5640,2002,13233,2,5.464779496,36598
5641,2002,13235,2,21.92021043,9124
5642,2002,13237,4,23.12673451,17296
5643,2002,13241,3,21.72181594,13811
5644,2002,13245,31,19.08761214,162409
5645,2002,13247,5,7.463466332,66993
5646,2002,13255,6,10.64924923,56342
5647,2002,13257,2,8.190343585,24419
5648,2002,13261,1,3.272893893,30554
5649,2002,13263,1,15.65190171,6389
5650,2002,13265,2,107.5268817,1860
5651,2002,13267,2,9.293680297,21520
5652,2002,13269,2,24.05291642,8315
5653,2002,13275,5,12.22523778,40899
5654,2002,13277,4,11.45376972,34923
5655,2002,13279,2,8.602150538,23250
5656,2002,13281,4,43.61098997,9172
5657,2002,13283,2,31.72085646,6305
5658,2002,13285,5,8.943903835,55904
5659,2002,13289,1,11.30326664,8847
5660,2002,13291,3,18.70790721,16036
5661,2002,13293,3,11.62520344,25806
5662,2002,13295,5,8.81367883,56730
5663,2002,13297,9,16.75665612,53710
5664,2002,13299,4,12.40617828,32242
5665,2002,13301,1,18.62197393,5370
5666,2002,13303,2,10.35357457,19317
5667,2002,13305,1,3.970775095,25184
5668,2002,13307,1,45.82951421,2182
5669,2002,13309,1,15.63721658,6395
5670,2002,13311,3,14.59002043,20562
5671,2002,13313,12,14.64021668,81966
5672,2002,13315,1,12.6984127,7875
5673,2002,13317,2,20.62706271,9696
5674,2002,13319,3,32.32758621,9280
5675,2002,13321,2,10.42155177,19191
5676,2002,15001,19,13.88604672,136828
5677,2002,15003,86,10.09018987,852313
5678,2002,15007,7,12.82074763,54599
5679,2002,15009,13,10.57899662,122885
5680,2002,16001,49,17.67440854,277237
5681,2002,16003,1,29.9940012,3334
5682,2002,16005,14,21.17394395,66119
5683,2002,16009,3,38.23604384,7846
5684,2002,16011,9,22.66089234,39716
5685,2002,16013,2,10.42209484,19190
5686,2002,16015,1,17.56543123,5693
5687,2002,16017,5,15.00870505,33314
5688,2002,16019,5,6.404016599,78076
5689,2002,16021,3,31.45643284,9537
5690,2002,16025,1,118.3431953,845
5691,2002,16027,10,7.810486359,128033
5692,2002,16029,2,28.35672763,7053
5693,2002,16031,7,40.29240776,17373
5694,2002,16035,3,38.93070335,7706
5695,2002,16043,1,9.231905465,10832
5696,2002,16045,2,13.95965659,14327
5697,2002,16047,3,23.05918524,13010
5698,2002,16049,6,40.16870858,14937
5699,2002,16051,2,10.92955899,18299
5700,2002,16053,5,27.19164673,18388
5701,2002,16055,27,25.49358411,105909
5702,2002,16057,6,21.17597233,28334
5703,2002,16059,1,14.44251878,6924
5704,2002,16065,1,4.175191015,23951
5705,2002,16067,4,22.52252252,17760
5706,2002,16069,9,26.34737551,34159
5707,2002,16071,1,28.98550725,3450
5708,2002,16073,3,27.81383275,10786
5709,2002,16075,3,14.94396015,20075
5710,2002,16077,2,29.70885324,6732
5711,2002,16079,2,16.54259719,12090
5712,2002,16083,10,17.00564587,58804
5713,2002,16085,2,27.45367193,7285
5714,2002,17001,8,13.32533813,60036
5715,2002,17003,1,12.00192031,8332
5716,2002,17007,3,7.075805463,42398
5717,2002,17011,4,12.07328484,33131
5718,2002,17015,1,7.084159819,14116
5719,2002,17017,1,8.295313148,12055
5720,2002,17019,17,10.08082449,168637
5721,2002,17021,7,21.07227791,33219
5722,2002,17023,4,27.32427078,14639
5723,2002,17025,2,15.05683957,13283
5724,2002,17027,3,8.577064928,34977
5725,2002,17029,5,10.5294192,47486
5726,2002,17031,429,8.592983999,4992445
5727,2002,17033,5,25.35754133,19718
5728,2002,17035,3,29.20845098,10271
5729,2002,17037,7,8.571708464,81664
5730,2002,17039,3,19.91767362,15062
5731,2002,17041,2,11.24543154,17785
5732,2002,17043,60,7.034409989,852950
5733,2002,17045,3,16.07372482,18664
5734,2002,17049,3,10.97213079,27342
5735,2002,17051,3,14.02458978,21391
5736,2002,17053,1,7.972574344,12543
5737,2002,17055,4,11.32791481,35311
5738,2002,17057,4,11.78793505,33933
5739,2002,17061,1,7.648768548,13074
5740,2002,17063,1,2.730449978,36624
5741,2002,17067,3,16.85772084,17796
5742,2002,17073,5,10.40756005,48042
5743,2002,17075,2,6.886815192,29041
5744,2002,17077,4,7.82212488,51137
5745,2002,17079,1,11.3058225,8845
5746,2002,17081,5,14.36740324,34801
5747,2002,17083,3,18.01260883,16655
5748,2002,17085,4,19.537928,20473
5749,2002,17087,2,16.05909748,12454
5750,2002,17089,37,8.769725958,421906
5751,2002,17091,6,6.657937371,90118
5752,2002,17093,4,7.206817649,55503
5753,2002,17095,9,18.04077215,49887
5754,2002,17097,41,7.492731137,547197
5755,2002,17099,8,7.835225214,102103
5756,2002,17101,3,20.91466815,14344
5757,2002,17103,6,18.28710759,32810
5758,2002,17105,6,18.08645325,33174
5759,2002,17107,4,13.62351419,29361
5760,2002,17109,2,6.373486297,31380
5761,2002,17111,16,6.068237329,263668
5762,2002,17113,20,13.95936429,143273
5763,2002,17115,14,13.38329764,104608
5764,2002,17117,11,25.03926612,43931
5765,2002,17119,37,15.77105542,234607
5766,2002,17121,10,25.47640885,39252
5767,2002,17123,2,18.37053366,10887
5768,2002,17127,4,30.95975232,12920
5769,2002,17129,1,9.450902561,10581
5770,2002,17131,1,7.039774727,14205
5771,2002,17135,6,22.21152778,27013
5772,2002,17137,5,15.3378938,32599
5773,2002,17139,3,22.22551489,13498
5774,2002,17141,2,4.348866033,45989
5775,2002,17143,25,13.82162365,180876
5776,2002,17145,3,14.68356909,20431
5777,2002,17149,4,25.40650407,15744
5778,2002,17151,1,24.71576866,4046
5779,2002,17153,1,17.1762281,5822
5780,2002,17157,6,20.36521621,29462
5781,2002,17159,2,14.60067163,13698
5782,2002,17161,18,12.75898977,141077
5783,2002,17163,25,10.0428226,248934
5784,2002,17165,1,4.132743729,24197
5785,2002,17167,16,8.713268129,183628
5786,2002,17169,1,14.24095699,7022
5787,2002,17173,1,5.265097668,18993
5788,2002,17175,1,17.9662235,5566
5789,2002,17177,4,8.798944127,45460
5790,2002,17179,13,12.75960897,101884
5791,2002,17181,6,37.4485083,16022
5792,2002,17183,7,8.65404824,80887
5793,2002,17185,1,8.338892595,11992
5794,2002,17187,2,12.06345377,16579
5795,2002,17189,5,37.06174487,13491
5796,2002,17191,2,13.12077675,15243
5797,2002,17193,1,7.397544015,13518
5798,2002,17195,10,19.06141588,52462
5799,2002,17197,47,8.947251195,525301
5800,2002,17199,11,19.47419669,56485
5801,2002,17201,31,11.69343583,265106
5802,2002,17203,3,9.722582318,30856
5803,2002,18001,2,6.450988614,31003
5804,2002,18003,43,14.9192625,288218
5805,2002,18005,9,13.76315146,65392
5806,2002,18007,1,11.84413123,8443
5807,2002,18009,2,15.48826764,12913
5808,2002,18011,10,22.29704118,44849
5809,2002,18013,3,23.94062724,12531
5810,2002,18017,4,10.56272941,37869
5811,2002,18019,12,15.95723461,75201
5812,2002,18021,7,30.46657382,22976
5813,2002,18023,5,15.8755358,31495
5814,2002,18025,1,9.565716472,10454
5815,2002,18027,2,7.427764986,26926
5816,2002,18029,3,8.230452675,36450
5817,2002,18031,2,8.30495806,24082
5818,2002,18033,3,7.629899031,39319
5819,2002,18035,12,10.54963604,113748
5820,2002,18037,10,30.99717926,32261
5821,2002,18039,11,6.117296377,179818
5822,2002,18041,3,12.49739638,24005
5823,2002,18043,10,15.84334104,63118
5824,2002,18045,1,5.90527932,16934
5825,2002,18047,5,22.49921253,22223
5826,2002,18049,4,21.90700476,18259
5827,2002,18051,4,13.4943661,29642
5828,2002,18053,8,12.39695035,64532
5829,2002,18055,4,14.33024039,27913
5830,2002,18057,15,7.800271449,192301
5831,2002,18059,10,18.84126236,53075
5832,2002,18061,5,15.46551191,32330
5833,2002,18063,11,9.75307,112785
5834,2002,18065,10,20.76067098,48168
5835,2002,18067,6,7.360066731,81521
5836,2002,18069,3,8.52442247,35193
5837,2002,18071,6,17.4575926,34369
5838,2002,18073,2,7.292882147,27424
5839,2002,18075,4,20.90956613,19130
5840,2002,18077,8,29.14177473,27452
5841,2002,18079,4,14.76723151,27087
5842,2002,18081,14,12.318305,113652
5843,2002,18083,4,10.91822251,36636
5844,2002,18085,9,13.22246055,68066
5845,2002,18087,4,12.14587192,32933
5846,2002,18089,50,11.11966089,449654
5847,2002,18091,12,12.08958382,99259
5848,2002,18093,7,16.43848484,42583
5849,2002,18095,16,13.11067045,122038
5850,2002,18097,114,15.18501745,750740
5851,2002,18099,2,5.407451468,36986
5852,2002,18101,2,22.46938546,8901
5853,2002,18103,6,17.94902477,33428
5854,2002,18105,14,14.05664829,99597
5855,2002,18107,4,11.64686699,34344
5856,2002,18109,11,17.0653759,64458
5857,2002,18111,1,7.207207207,13875
5858,2002,18113,6,14.06964474,42645
5859,2002,18115,1,19.58863859,5105
5860,2002,18117,1,5.710043967,17513
5861,2002,18121,4,24.09783722,16599
5862,2002,18123,1,6.538511835,15294
5863,2002,18125,1,8.536064874,11715
5864,2002,18127,16,12.80747957,124927
5865,2002,18129,2,8.182636445,24442
5866,2002,18131,2,15.58603491,12832
5867,2002,18133,4,11.91114287,33582
5868,2002,18135,5,21.07748082,23722
5869,2002,18137,5,22.55808707,22165
5870,2002,18139,1,6.119202056,16342
5871,2002,18141,30,13.00688932,230647
5872,2002,18143,6,29.68680422,20211
5873,2002,18145,6,15.70146285,38213
5874,2002,18147,2,10.10969014,19783
5875,2002,18149,4,18.97173212,21084
5876,2002,18151,5,15.39882969,32470
5877,2002,18153,6,29.63841138,20244
5878,2002,18157,17,11.5524447,147155
5879,2002,18163,25,15.62685569,159981
5880,2002,18165,5,35.12716032,14234
5881,2002,18167,15,14.77381292,101531
5882,2002,18169,4,14.51958329,27549
5883,2002,18173,3,6.381892444,47008
5884,2002,18175,5,19.19754271,26045
5885,2002,18177,4,6.201838845,64497
5886,2002,18179,3,11.31947327,26503
5887,2002,18181,5,21.34745111,23422
5888,2002,18183,1,3.564299971,28056
5889,2002,19003,2,51.25576627,3902
5890,2002,19005,1,7.586102261,13182
5891,2002,19007,1,7.918910358,12628
5892,2002,19011,1,4.098696614,24398
5893,2002,19013,10,8.63446013,115815
5894,2002,19015,2,8.79584836,22738
5895,2002,19017,1,4.723219346,21172
5896,2002,19019,2,9.812579727,20382
5897,2002,19021,2,11.53136531,17344
5898,2002,19023,1,6.999370057,14287
5899,2002,19025,2,20.14707364,9927
5900,2002,19027,2,10.59209829,18882
5901,2002,19029,1,8.155276464,12262
5902,2002,19031,2,12.23915305,16341
5903,2002,19033,9,22.12987779,40669
5904,2002,19037,4,33.5204894,11933
5905,2002,19039,1,11.34172621,8817
5906,2002,19041,1,6.011060351,16636
5907,2002,19043,4,22.41273043,17847
5908,2002,19045,5,11.00836636,45420
5909,2002,19047,3,18.59312055,16135
5910,2002,19049,5,12.06534591,41441
5911,2002,19051,1,13.68363437,7308
5912,2002,19055,2,12.78527137,15643
5913,2002,19057,5,13.95556548,35828
5914,2002,19059,1,7.12809181,14029
5915,2002,19061,8,9.929993546,80564
5916,2002,19065,1,4.622353703,21634
5917,2002,19067,3,21.16103548,14177
5918,2002,19069,2,20.4624514,9774
5919,2002,19071,2,28.88920988,6923
5920,2002,19073,1,11.34044001,8818
5921,2002,19077,3,34.92433062,8590
5922,2002,19079,1,6.753562504,14807
5923,2002,19081,1,8.908685969,11225
5924,2002,19083,3,16.86151079,17792
5925,2002,19085,2,15.17450683,13180
5926,2002,19087,2,10.37075447,19285
5927,2002,19089,1,10.70893125,9338
5928,2002,19091,4,41.05090312,9744
5929,2002,19093,1,13.82934587,7231
5930,2002,19095,3,19.84258218,15119
5931,2002,19097,2,10.88790898,18369
5932,2002,19099,4,11.81579181,33853
5933,2002,19101,1,7.470491558,13386
5934,2002,19103,13,13.0565348,99567
5935,2002,19105,2,10.38098204,19266
5936,2002,19109,1,6.30517024,15860
5937,2002,19111,2,6.528906735,30633
5938,2002,19113,24,14.54307477,165027
5939,2002,19115,2,17.83007934,11217
5940,2002,19119,2,17.25774441,11589
5941,2002,19121,2,14.41857112,13871
5942,2002,19123,4,21.92381474,18245
5943,2002,19127,5,14.30246861,34959
5944,2002,19129,1,7.347538575,13610
5945,2002,19131,1,9.785693316,10219
5946,2002,19133,3,31.96249734,9386
5947,2002,19137,1,10.92537966,9153
5948,2002,19139,4,11.52704533,34701
5949,2002,19141,1,7.800920509,12819
5950,2002,19143,1,15.18833536,6584
5951,2002,19145,2,13.84562132,14445
5952,2002,19147,1,11.12718371,8987
5953,2002,19149,5,23.10322521,21642
5954,2002,19151,1,14.02327864,7131
5955,2002,19153,43,13.05720879,329320
5956,2002,19155,8,10.72831874,74569
5957,2002,19159,1,20.49180328,4880
5958,2002,19163,20,14.66512194,136378
5959,2002,19165,1,8.819119852,11339
5960,2002,19167,2,8.055096863,24829
5961,2002,19169,5,6.378120495,78393
5962,2002,19171,4,24.22187235,16514
5963,2002,19173,1,15.56178027,6426
5964,2002,19175,4,34.25537381,11677
5965,2002,19177,1,14.15428167,7065
5966,2002,19181,5,12.51689781,39946
5967,2002,19183,1,5.07743082,19695
5968,2002,19185,1,17.45505324,5729
5969,2002,19187,7,18.38718151,38070
5970,2002,19193,9,9.392023042,95826
5971,2002,19197,3,24.21112097,12391
5972,2002,20001,5,38.74767514,12904
5973,2002,20003,2,26.27430373,7612
5974,2002,20005,3,19.19877128,15626
5975,2002,20007,3,71.47962831,4197
5976,2002,20009,2,8.145975888,24552
5977,2002,20011,2,14.03016485,14255
5978,2002,20013,1,10.49648368,9527
5979,2002,20015,5,9.636325091,51887
5980,2002,20021,3,15.3609831,19530
5981,2002,20025,1,45.99816007,2174
5982,2002,20027,3,38.47633705,7797
5983,2002,20029,2,20.80083203,9615
5984,2002,20031,1,12.59763165,7938
5985,2002,20033,1,61.61429452,1623
5986,2002,20035,7,20.33642253,34421
5987,2002,20037,5,13.84427954,36116
5988,2002,20039,1,32.71180896,3057
5989,2002,20041,4,23.69668246,16880
5990,2002,20045,11,11.53293702,95379
5991,2002,20047,1,32.23726628,3102
5992,2002,20051,2,7.382525562,27091
5993,2002,20053,2,36.77822729,5438
5994,2002,20055,1,2.754593284,36303
5995,2002,20057,4,12.95588521,30874
5996,2002,20059,2,8.242664029,24264
5997,2002,20061,2,7.878978884,25384
5998,2002,20067,2,29.12904165,6866
5999,2002,20073,1,14.64343242,6829
6000,2002,20079,3,9.950578792,30149
6001,2002,20087,3,16.3371998,18363
6002,2002,20089,1,34.9528137,2861
6003,2002,20091,47,11.1855226,420186
6004,2002,20095,3,38.08073115,7878
6005,2002,20103,13,23.05618615,56384
6006,2002,20107,1,11.91611058,8392
6007,2002,20109,1,36.72420125,2723
6008,2002,20111,3,9.105809506,32946
6009,2002,20113,6,21.21415691,28283
6010,2002,20115,2,17.64290755,11336
6011,2002,20119,1,23.63507445,4231
6012,2002,20121,5,18.99190945,26327
6013,2002,20123,4,60.79027356,6580
6014,2002,20125,4,12.94498382,30900
6015,2002,20127,1,17.76198934,5630
6016,2002,20131,2,21.08814846,9484
6017,2002,20133,2,12.4100273,16116
6018,2002,20139,5,34.49941351,14493
6019,2002,20141,1,24.91901321,4013
6020,2002,20143,1,17.67721407,5657
6021,2002,20145,4,58.60805861,6825
6022,2002,20149,6,34.25048522,17518
6023,2002,20151,4,45.47521601,8796
6024,2002,20155,12,20.0223583,59933
6025,2002,20157,1,19.54652072,5116
6026,2002,20161,5,8.313795913,60141
6027,2002,20169,6,12.65155509,47425
6028,2002,20173,60,13.70488808,437800
6029,2002,20175,1,4.835589942,20680
6030,2002,20177,26,15.99812945,162519
6031,2002,20179,1,40.37141704,2477
6032,2002,20185,2,48.18116117,4151
6033,2002,20187,1,48.30917874,2070
6034,2002,20191,2,8.260025606,24213
6035,2002,20193,1,12.84356537,7786
6036,2002,20195,1,36.84598379,2714
6037,2002,20197,2,31.9284802,6264
6038,2002,20201,2,34.7765606,5751
6039,2002,20205,1,10.31991744,9690
6040,2002,20209,25,17.65486851,141604
6041,2002,21001,3,21.18344867,14162
6042,2002,21003,2,12.3228589,16230
6043,2002,21005,1,5.944596362,16822
6044,2002,21007,1,13.85233412,7219
6045,2002,21009,6,17.42716896,34429
6046,2002,21015,6,6.69665279,89597
6047,2002,21017,3,17.83166904,16824
6048,2002,21019,6,12.69438274,47265
6049,2002,21021,1,3.990263756,25061
6050,2002,21023,3,38.21656051,7850
6051,2002,21025,3,20.38597445,14716
6052,2002,21027,3,16.62971175,18040
6053,2002,21029,2,3.411397479,58627
6054,2002,21031,5,45.94743613,10882
6055,2002,21033,2,16.30390479,12267
6056,2002,21035,5,16.82368775,29720
6057,2002,21037,10,11.95771751,83628
6058,2002,21039,1,20.93364036,4777
6059,2002,21041,3,31.21748179,9610
6060,2002,21043,4,15.27242182,26191
6061,2002,21045,2,13.65747064,14644
6062,2002,21047,7,10.41620166,67203
6063,2002,21049,4,13.10315458,30527
6064,2002,21051,2,8.996446404,22231
6065,2002,21053,1,10.40691019,9609
6066,2002,21059,19,22.9285835,82866
6067,2002,21061,1,9.048136084,11052
6068,2002,21065,4,27.91541629,14329
6069,2002,21067,34,14.91496278,227959
6070,2002,21069,1,8.552856654,11692
6071,2002,21071,9,24.31249662,37018
6072,2002,21073,13,29.21676593,44495
6073,2002,21075,2,27.12232167,7374
6074,2002,21077,2,26.21231979,7630
6075,2002,21079,3,20.70679183,14488
6076,2002,21081,3,13.62954886,22011
6077,2002,21083,4,11.4119426,35051
6078,2002,21085,5,21.01370093,23794
6079,2002,21089,4,12.74331772,31389
6080,2002,21091,1,13.25908247,7542
6081,2002,21093,10,10.93230715,91472
6082,2002,21095,2,6.986655488,28626
6083,2002,21097,4,23.25716611,17199
6084,2002,21099,4,23.55851346,16979
6085,2002,21101,6,15.07916562,39790
6086,2002,21107,11,25.93483284,42414
6087,2002,21109,1,8.025038119,12461
6088,2002,21111,101,16.53739662,610737
6089,2002,21113,2,5.405697605,36998
6090,2002,21115,4,18.75380937,21329
6091,2002,21117,18,12.24881425,146953
6092,2002,21119,3,19.85702939,15108
6093,2002,21121,6,19.52425889,30731
6094,2002,21123,1,7.673419276,13032
6095,2002,21125,7,14.6633709,47738
6096,2002,21127,1,7.1864894,13915
6097,2002,21129,3,42.21190376,7107
6098,2002,21131,4,35.06004032,11409
6099,2002,21133,5,21.1541716,23636
6100,2002,21135,5,39.75826972,12576
6101,2002,21137,2,8.709663372,22963
6102,2002,21141,1,4.108801052,24338
6103,2002,21145,17,28.93321533,58756
6104,2002,21147,6,41.14097641,14584
6105,2002,21149,1,11.21201928,8919
6106,2002,21151,3,4.709058659,63707
6107,2002,21155,2,11.88989953,16821
6108,2002,21157,5,17.46480841,28629
6109,2002,21159,1,8.453799983,11829
6110,2002,21161,1,6.600224408,15151
6111,2002,21163,3,11.29858391,26552
6112,2002,21167,2,10.82602577,18474
6113,2002,21169,1,11.48105626,8710
6114,2002,21171,5,54.19466724,9226
6115,2002,21173,2,9.173470324,21802
6116,2002,21175,1,8.158603247,12257
6117,2002,21177,3,10.56300834,28401
6118,2002,21179,4,10.88820535,36737
6119,2002,21183,3,15.6682509,19147
6120,2002,21185,4,8.956560681,44660
6121,2002,21187,2,21.54708037,9282
6122,2002,21189,2,49.0797546,4075
6123,2002,21191,4,28.04852395,14261
6124,2002,21193,3,11.61755025,25823
6125,2002,21195,11,17.13449017,64198
6126,2002,21199,3,5.229669659,57365
6127,2002,21201,1,46.94835681,2130
6128,2002,21203,1,6.967184561,14353
6129,2002,21205,3,14.54968718,20619
6130,2002,21207,2,13.28903654,15050
6131,2002,21209,4,12.17767224,32847
6132,2002,21211,1,3.013137279,33188
6133,2002,21213,2,13.15183797,15207
6134,2002,21215,2,17.90991314,11167
6135,2002,21217,5,24.25889088,20611
6136,2002,21219,1,8.863676653,11282
6137,2002,21221,1,8.795074758,11370
6138,2002,21225,3,20.53528647,14609
6139,2002,21227,14,15.78834595,88673
6140,2002,21229,2,20.49810393,9757
6141,2002,21231,3,17.97052833,16694
6142,2002,21233,1,7.36051818,13586
6143,2002,21235,6,17.7740913,33757
6144,2002,21237,2,33.39455669,5989
6145,2002,21239,1,4.628343979,21606
6146,2002,22001,5,9.552558175,52342
6147,2002,22003,1,4.619364375,21648
6148,2002,22005,8,10.7807994,74206
6149,2002,22007,6,28.20211516,21275
6150,2002,22009,6,15.94345388,37633
6151,2002,22011,5,18.93724198,26403
6152,2002,22015,9,10.02149053,89807
6153,2002,22017,27,11.21569865,240734
6154,2002,22019,23,12.84299164,179086
6155,2002,22021,1,11.04728237,9052
6156,2002,22027,1,6.253908693,15990
6157,2002,22029,1,5.675046819,17621
6158,2002,22031,1,4.147140547,24113
6159,2002,22033,47,11.92360773,394176
6160,2002,22039,6,20.09780934,29854
6161,2002,22041,2,10.2380343,19535
6162,2002,22043,3,17.1477565,17495
6163,2002,22045,5,7.52705978,66427
6164,2002,22047,3,9.892501484,30326
6165,2002,22049,1,7.272198386,13751
6166,2002,22051,55,14.49951624,379323
6167,2002,22053,2,7.007954028,28539
6168,2002,22055,23,12.62792638,182136
6169,2002,22057,13,15.625,83200
6170,2002,22061,5,12.44678997,40171
6171,2002,22063,18,19.54503502,92095
6172,2002,22065,3,24.02498599,12487
6173,2002,22067,5,18.20432535,27466
6174,2002,22069,5,14.47094235,34552
6175,2002,22071,59,13.15490232,448502
6176,2002,22073,14,10.66601655,131258
6177,2002,22075,4,15.37160864,26022
6178,2002,22077,1,4.743157995,21083
6179,2002,22079,20,16.44818001,121594
6180,2002,22081,1,11.67678655,8564
6181,2002,22085,1,4.441286196,22516
6182,2002,22087,5,8.095330613,61764
6183,2002,22089,6,13.66836002,43897
6184,2002,22093,3,15.33350371,19565
6185,2002,22095,6,16.39881929,36588
6186,2002,22097,11,14.04422655,78324
6187,2002,22099,5,10.91941472,45790
6188,2002,22101,4,8.365225757,47817
6189,2002,22103,26,14.89109455,174601
6190,2002,22105,11,12.63264275,87076
6191,2002,22109,16,16.65018992,96095
6192,2002,22111,4,19.40993789,20608
6193,2002,22113,5,10.17708121,49130
6194,2002,22115,3,6.491117987,46217
6195,2002,22117,5,13.45098461,37172
6196,2002,22119,10,24.75063733,40403
6197,2002,22121,2,9.76228828,20487
6198,2002,23001,7,6.785904707,103155
6199,2002,23003,6,8.438106489,71106
6200,2002,23005,32,13.33505578,239969
6201,2002,23007,2,6.917542889,28912
6202,2002,23009,6,12.14747029,49393
6203,2002,23011,16,15.99152449,100053
6204,2002,23013,7,18.55336744,37729
6205,2002,23015,6,19.52934284,30723
6206,2002,23017,9,17.09174469,52657
6207,2002,23019,28,22.27880331,125680
6208,2002,23021,3,19.08275555,15721
6209,2002,23023,3,9.343756813,32107
6210,2002,23025,4,8.021658478,49865
6211,2002,23027,7,19.61113913,35694
6212,2002,23029,4,12.6984127,31500
6213,2002,23031,24,13.54692316,177162
6214,2002,24001,11,16.05042753,68534
6215,2002,24003,38,8.47117571,448580
6216,2002,24005,66,9.505552827,694331
6217,2002,24009,9,13.16674957,68354
6218,2002,24011,3,10.58089091,28353
6219,2002,24013,13,8.267774124,157237
6220,2002,24015,8,10.89354285,73438
6221,2002,24017,14,11.69766548,119682
6222,2002,24019,3,10.72232746,27979
6223,2002,24021,27,13.86335863,194758
6224,2002,24023,3,11.22376445,26729
6225,2002,24025,27,13.34743877,202286
6226,2002,24027,13,5.519701087,235520
6227,2002,24031,49,6.716156056,729584
6228,2002,24033,65,8.288522182,784217
6229,2002,24035,2,5.677785664,35225
6230,2002,24037,8,9.339139165,85661
6231,2002,24039,5,21.17029384,23618
6232,2002,24041,7,22.77163305,30740
6233,2002,24043,15,12.53111895,119702
6234,2002,24045,11,14.24335418,77229
6235,2002,24047,5,11.38692781,43910
6236,2002,24510,73,12.67951061,575732
6237,2002,25001,21,10.90354002,192598
6238,2002,25003,11,8.891762994,123710
6239,2002,25005,42,8.829799311,475662
6240,2002,25007,2,13.64815068,14654
6241,2002,25009,42,5.938435392,707257
6242,2002,25011,6,9.036552856,66397
6243,2002,25013,28,6.755126659,414500
6244,2002,25015,9,6.927019996,129926
6245,2002,25017,80,5.635140171,1419663
6246,2002,25021,36,6.202789877,580384
6247,2002,25023,38,8.454119715,449485
6248,2002,25025,58,8.954735357,647702
6249,2002,25027,62,9.263520257,669292
6250,2002,26001,9,94.2902043,9545
6251,2002,26003,1,11.84693757,8441
6252,2002,26005,13,13.60943029,95522
6253,2002,26007,4,14.82195131,26987
6254,2002,26011,1,6.504911208,15373
6255,2002,26015,12,23.77037815,50483
6256,2002,26017,11,10.82975623,101572
6257,2002,26019,1,6.742633673,14831
6258,2002,26021,17,11.81006634,143945
6259,2002,26023,9,24.45319929,36805
6260,2002,26025,18,13.79807287,130453
6261,2002,26027,2,4.366716884,45801
6262,2002,26029,4,16.58925017,24112
6263,2002,26031,3,11.66588894,25716
6264,2002,26033,1,2.782415136,35940
6265,2002,26035,8,26.51025616,30177
6266,2002,26037,7,10.93664557,64005
6267,2002,26039,6,46.71441918,12844
6268,2002,26041,6,16.35367549,36689
6269,2002,26043,1,3.956791833,25273
6270,2002,26045,7,8.02255484,87254
6271,2002,26047,6,18.63990804,32189
6272,2002,26049,51,13.46296497,378817
6273,2002,26051,5,21.57776627,23172
6274,2002,26053,1,6.902740388,14487
6275,2002,26055,12,16.96688629,70726
6276,2002,26057,3,7.958826338,37694
6277,2002,26059,6,13.47648354,44522
6278,2002,26061,3,8.579027138,34969
6279,2002,26063,3,9.759906305,30738
6280,2002,26065,30,11.61737029,258234
6281,2002,26067,10,18.71047412,53446
6282,2002,26069,12,48.16955684,24912
6283,2002,26073,9,15.48253914,58130
6284,2002,26075,20,13.18278592,151713
6285,2002,26077,28,13.21970681,211805
6286,2002,26079,3,18.63585539,16098
6287,2002,26081,55,9.548561379,576003
6288,2002,26083,1,53.53319058,1868
6289,2002,26085,3,29.64133979,10121
6290,2002,26087,14,16.27509562,86021
6291,2002,26089,2,11.12842199,17972
6292,2002,26091,11,12.48354442,88116
6293,2002,26093,21,14.1105325,148825
6294,2002,26095,2,30.33060358,6594
6295,2002,26099,67,8.333685753,803966
6296,2002,26101,11,46.00200736,23912
6297,2002,26103,10,17.57932671,56885
6298,2002,26105,7,25.65700253,27283
6299,2002,26107,4,9.928268262,40289
6300,2002,26109,5,20.03205128,24960
6301,2002,26111,6,7.610350076,78840
6302,2002,26113,1,8.021819349,12466
6303,2002,26115,16,12.58623538,127123
6304,2002,26117,5,9.882399447,50595
6305,2002,26119,1,10.95530237,9128
6306,2002,26121,6,3.758503614,159638
6307,2002,26123,4,10.81168743,36997
6308,2002,26125,124,11.86206712,1045349
6309,2002,26127,5,21.25940729,23519
6310,2002,26129,7,37.40715011,18713
6311,2002,26131,3,43.35886689,6919
6312,2002,26133,2,8.918617614,22425
6313,2002,26135,4,49.05567819,8154
6314,2002,26137,2,9.462976106,21135
6315,2002,26139,17,7.188343045,236494
6316,2002,26141,2,16.13293539,12397
6317,2002,26143,3,13.05312622,22983
6318,2002,26145,26,13.0895983,198631
6319,2002,26147,21,13.24252743,158580
6320,2002,26149,7,12.00686106,58300
6321,2002,26153,4,57.97101449,6900
6322,2002,26155,9,15.02403846,59904
6323,2002,26157,5,9.003169116,55536
6324,2002,26159,14,22.60069416,61945
6325,2002,26161,41,13.94685907,293973
6326,2002,26163,193,10.16344719,1898962
6327,2002,26165,6,20.67112244,29026
6328,2002,27001,3,24.08284499,12457
6329,2002,27003,24,8.741959219,274538
6330,2002,27005,3,10.26061974,29238
6331,2002,27007,4,10.90661213,36675
6332,2002,27009,6,17.1688557,34947
6333,2002,27013,5,9.213872406,54266
6334,2002,27015,1,4.195334788,23836
6335,2002,27017,7,23.61354743,29644
6336,2002,27019,4,5.464033003,73206
6337,2002,27021,9,37.93946548,23722
6338,2002,27023,1,8.214227041,12174
6339,2002,27025,7,18.58193305,37671
6340,2002,27027,5,10.93517628,45724
6341,2002,27035,7,12.80128744,54682
6342,2002,27037,36,9.95572468,361601
6343,2002,27039,1,6.328312872,15802
6344,2002,27041,3,9.814184768,30568
6345,2002,27043,1,6.95555401,14377
6346,2002,27045,1,5.513591002,18137
6347,2002,27047,4,13.47845133,29677
6348,2002,27049,5,14.83503442,33704
6349,2002,27053,101,10.42583874,968747
6350,2002,27055,1,5.616715345,17804
6351,2002,27057,1,6.463288521,15472
6352,2002,27059,6,18.44054461,32537
6353,2002,27061,11,26.78680141,41065
6354,2002,27063,1,9.840582562,10162
6355,2002,27065,1,7.278550113,13739
6356,2002,27067,3,7.857517025,38180
6357,2002,27069,1,20.6185567,4850
6358,2002,27071,1,7.843137255,12750
6359,2002,27075,3,29.33124756,10228
6360,2002,27077,1,24.70966148,4047
6361,2002,27079,2,8.301855465,24091
6362,2002,27083,3,12.318305,24354
6363,2002,27085,2,6.562541016,30476
6364,2002,27087,1,21.45002145,4662
6365,2002,27091,1,5.300540655,18866
6366,2002,27093,1,4.626630887,21614
6367,2002,27095,1,4.770764754,20961
6368,2002,27097,3,9.9980004,30006
6369,2002,27099,2,5.677785664,35225
6370,2002,27103,3,10.14987989,29557
6371,2002,27105,2,9.724788486,20566
6372,2002,27107,1,15.35862387,6511
6373,2002,27109,12,10.74835416,111645
6374,2002,27111,9,18.02920732,49919
6375,2002,27113,2,15.795293,12662
6376,2002,27115,2,9.108712483,21957
6377,2002,27119,6,22.57761054,26575
6378,2002,27123,42,8.907854607,471494
6379,2002,27127,3,20.50160596,14633
6380,2002,27129,1,6.917064398,14457
6381,2002,27131,8,13.91134992,57507
6382,2002,27133,2,24.78929103,8068
6383,2002,27135,1,7.44712541,13428
6384,2002,27137,31,17.44032315,177749
6385,2002,27139,10,13.04648462,76649
6386,2002,27141,10,17.0934327,58502
6387,2002,27143,4,28.16504718,14202
6388,2002,27145,18,14.06085224,128015
6389,2002,27147,4,12.89698533,31015
6390,2002,27149,1,12.36399604,8088
6391,2002,27153,4,17.17917884,23284
6392,2002,27159,3,23.38998908,12826
6393,2002,27161,1,5.490282201,18214
6394,2002,27163,16,8.199157537,195142
6395,2002,27165,1,9.237021984,10826
6396,2002,27169,3,6.716367788,44667
6397,2002,27171,8,8.713647751,91810
6398,2002,27173,2,19.60592099,10201
6399,2002,28001,4,12.57347625,31813
6400,2002,28003,6,18.42186061,32570
6401,2002,28007,1,5.577555915,17929
6402,2002,28009,2,26.82763246,7455
6403,2002,28011,2,5.766513854,34683
6404,2002,28025,7,34.13968006,20504
6405,2002,28027,2,7.150518413,27970
6406,2002,28029,3,11.69681847,25648
6407,2002,28031,4,21.16402116,18900
6408,2002,28033,14,13.26461002,105544
6409,2002,28035,9,13.00427696,69208
6410,2002,28037,3,38.925652,7707
6411,2002,28039,3,15.82612365,18956
6412,2002,28043,1,5.230125523,19120
6413,2002,28045,9,21.17099104,42511
6414,2002,28047,45,25.31716785,177745
6415,2002,28049,34,15.30166788,222198
6416,2002,28057,5,25.34597252,19727
6417,2002,28059,24,21.36371729,112340
6418,2002,28061,3,18.76289949,15989
6419,2002,28065,4,31.67062549,12630
6420,2002,28067,3,5.056719537,59327
6421,2002,28071,2,5.331769348,37511
6422,2002,28073,3,7.38516075,40622
6423,2002,28075,10,15.57632399,64200
6424,2002,28077,4,33.37505215,11985
6425,2002,28079,2,10.1910828,19625
6426,2002,28081,12,16.87028159,71131
6427,2002,28083,3,9.045135225,33167
6428,2002,28085,3,10.40402289,28835
6429,2002,28087,7,12.19639684,57394
6430,2002,28089,4,5.472854641,73088
6431,2002,28091,2,8.308062975,24073
6432,2002,28093,2,6.179323982,32366
6433,2002,28095,4,11.27522832,35476
6434,2002,28097,2,18.45188671,10839
6435,2002,28101,2,10.40312094,19225
6436,2002,28103,1,9.055510278,11043
6437,2002,28105,3,7.389708599,40597
6438,2002,28107,1,3.386501405,29529
6439,2002,28109,2,4.722438667,42351
6440,2002,28111,1,9.099181074,10990
6441,2002,28113,10,29.2030488,34243
6442,2002,28117,3,13.35351197,22466
6443,2002,28119,2,20.74904036,9639
6444,2002,28121,13,11.72777136,110848
6445,2002,28123,3,11.93317422,25140
6446,2002,28125,1,16.92906721,5907
6447,2002,28127,4,15.75609564,25387
6448,2002,28129,1,6.656017039,15024
6449,2002,28131,4,30.6372549,13056
6450,2002,28133,1,3.235827077,30904
6451,2002,28137,4,18.44167819,21690
6452,2002,28139,4,19.98700844,20013
6453,2002,28141,5,27.70697107,18046
6454,2002,28143,1,11.40250855,8770
6455,2002,28145,5,20.92663123,23893
6456,2002,28147,1,7.008690777,14268
6457,2002,28149,2,4.801459644,41654
6458,2002,28151,5,9.29661789,53783
6459,2002,28157,2,23.03616678,8682
6460,2002,28159,5,26.50972907,18861
6461,2002,28161,2,16.29327902,12275
6462,2002,28163,3,11.62385214,25809
6463,2002,29001,2,9.153318078,21850
6464,2002,29003,1,6.553509404,15259
6465,2002,29005,1,17.47946163,5721
6466,2002,29007,5,20.85679723,23973
6467,2002,29009,8,23.76637652,33661
6468,2002,29011,3,24.78314746,12105
6469,2002,29013,2,12.86090927,15551
6470,2002,29015,4,23.48796242,17030
6471,2002,29017,1,9.039956608,11062
6472,2002,29019,22,15.80039788,139237
6473,2002,29021,13,16.88903901,76973
6474,2002,29023,4,10.58173064,37801
6475,2002,29025,2,23.23150192,8609
6476,2002,29027,7,19.37823547,36123
6477,2002,29029,4,11.24479928,35572
6478,2002,29031,10,15.56105379,64263
6479,2002,29033,2,21.16626098,9449
6480,2002,29037,12,16.19061754,74117
6481,2002,29039,1,8.125457057,12307
6482,2002,29043,9,16.86245855,53373
6483,2002,29045,1,15.14921982,6601
6484,2002,29047,27,15.318106,176262
6485,2002,29049,4,21.71788468,18418
6486,2002,29051,3,4.310344828,69600
6487,2002,29053,5,30.88516894,16189
6488,2002,29055,5,23.68882361,21107
6489,2002,29057,1,13.67240908,7314
6490,2002,29059,1,6.727664155,14864
6491,2002,29065,2,15.33154465,13045
6492,2002,29067,6,48.46918168,12379
6493,2002,29069,3,9.399379641,31917
6494,2002,29071,16,19.06009887,83945
6495,2002,29073,1,7.417847341,13481
6496,2002,29077,48,21.13001563,227165
6497,2002,29079,1,10.58985492,9443
6498,2002,29083,4,22.84669865,17508
6499,2002,29089,3,32.77255844,9154
6500,2002,29091,7,19.9033267,35170
6501,2002,29093,1,10.36806636,9645
6502,2002,29095,63,10.17292355,619291
6503,2002,29097,20,21.79979072,91744
6504,2002,29099,22,12.01115946,183163
6505,2002,29101,4,8.56201036,46718
6506,2002,29103,2,48.22763443,4147
6507,2002,29105,3,9.937394415,30189
6508,2002,29107,3,11.42378432,26261
6509,2002,29109,3,9.760858956,30735
6510,2002,29113,6,16.10176314,37263
6511,2002,29117,2,15.64577955,12783
6512,2002,29119,2,9.748964173,20515
6513,2002,29121,2,14.62308986,13677
6514,2002,29123,3,29.455081,10185
6515,2002,29125,2,24.09058058,8302
6516,2002,29127,3,11.63647647,25781
6517,2002,29129,1,33.67003367,2970
6518,2002,29131,2,8.729050279,22912
6519,2002,29133,2,15.76168335,12689
6520,2002,29135,2,14.86104919,13458
6521,2002,29139,4,37.23354743,10743
6522,2002,29143,1,5.576933802,17931
6523,2002,29145,7,13.82415673,50636
6524,2002,29147,1,4.975867045,20097
6525,2002,29149,2,20.19182231,9905
6526,2002,29151,3,27.6268533,10859
6527,2002,29155,1,5.184033178,19290
6528,2002,29157,3,18.11266075,16563
6529,2002,29159,7,18.79295533,37248
6530,2002,29161,4,10.93613298,36576
6531,2002,29163,1,5.827845446,17159
6532,2002,29165,11,15.17890408,72469
6533,2002,29167,6,24.21796165,24775
6534,2002,29169,1,2.429543246,41160
6535,2002,29173,1,10.6643916,9377
6536,2002,29175,5,22.25288175,22469
6537,2002,29177,4,19.2289203,20802
6538,2002,29179,2,33.49522693,5971
6539,2002,29183,28,9.332431198,300029
6540,2002,29185,1,11.17942985,8945
6541,2002,29186,2,12.1278273,16491
6542,2002,29187,10,18.92648951,52836
6543,2002,29189,106,11.49830508,921875
6544,2002,29195,3,14.92685839,20098
6545,2002,29201,3,8.319467554,36060
6546,2002,29207,2,7.38852562,27069
6547,2002,29209,4,15.06704837,26548
6548,2002,29211,2,32.4780773,6158
6549,2002,29213,4,10.51414152,38044
6550,2002,29215,2,9.129085266,21908
6551,2002,29217,3,16.65278934,18015
6552,2002,29219,8,32.60249409,24538
6553,2002,29221,2,8.411136345,23778
6554,2002,29223,5,42.22259753,11842
6555,2002,29225,8,27.27675679,29329
6556,2002,29229,2,11.96458483,16716
6557,2002,29510,52,16.80987386,309342
6558,2002,30001,2,22.88591372,8739
6559,2002,30003,1,8.307027745,12038
6560,2002,30005,3,49.59497438,6049
6561,2002,30013,21,30.03003003,69930
6562,2002,30017,3,26.12557694,11483
6563,2002,30019,2,108.1665765,1849
6564,2002,30021,2,25.96391016,7703
6565,2002,30023,2,24.19549964,8266
6566,2002,30027,5,45.6412597,10955
6567,2002,30029,15,19.81689192,75693
6568,2002,30031,13,19.00973884,68386
6569,2002,30035,1,8.325008325,12012
6570,2002,30039,1,36.03603604,2775
6571,2002,30047,8,34.01360544,23520
6572,2002,30049,10,18.70452462,53463
6573,2002,30053,5,29.92757527,16707
6574,2002,30055,1,58.13953488,1720
6575,2002,30059,1,55.67928731,1796
6576,2002,30061,2,60.16847172,3324
6577,2002,30063,20,21.05085888,95008
6578,2002,30067,3,21.35687335,14047
6579,2002,30071,2,51.20327701,3906
6580,2002,30073,2,35.7079093,5601
6581,2002,30077,1,16.14465612,6194
6582,2002,30081,5,15.30315551,32673
6583,2002,30083,4,47.69854519,8386
6584,2002,30087,3,37.04618424,8098
6585,2002,30089,2,19.84323842,10079
6586,2002,30093,12,35.71428571,33600
6587,2002,30095,1,12.93661061,7730
6588,2002,30099,1,18.23154057,5485
6589,2002,30101,2,41.53686397,4815
6590,2002,30105,2,28.14126917,7107
6591,2002,30111,27,21.9941349,122760
6592,2002,31001,2,6.846267073,29213
6593,2002,31007,1,139.8601399,715
6594,2002,31013,2,18.64454181,10727
6595,2002,31019,7,19.38574871,36109
6596,2002,31023,1,13.13887794,7611
6597,2002,31025,4,16.92118956,23639
6598,2002,31029,2,54.94505495,3640
6599,2002,31031,3,51.2295082,5856
6600,2002,31037,2,22.69374787,8813
6601,2002,31043,3,16.1987041,18520
6602,2002,31045,1,12.39771882,8066
6603,2002,31047,1,4.737764723,21107
6604,2002,31053,4,12.20107369,32784
6605,2002,31055,66,14.45317718,456647
6606,2002,31057,3,152.9831719,1961
6607,2002,31061,1,33.25573661,3007
6608,2002,31067,2,9.278589654,21555
6609,2002,31077,1,41.99916002,2381
6610,2002,31079,3,6.421232877,46720
6611,2002,31095,1,12.88992008,7758
6612,2002,31097,1,22.93577982,4360
6613,2002,31099,1,15.45595054,6470
6614,2002,31101,1,12.80081925,7812
6615,2002,31105,2,55.89714925,3578
6616,2002,31109,32,12.75494952,250883
6617,2002,31111,5,15.1290508,33049
6618,2002,31119,4,13.37613697,29904
6619,2002,31121,2,29.47678703,6785
6620,2002,31129,1,21.27659574,4700
6621,2002,31139,1,14.21868335,7033
6622,2002,31141,3,10.13273888,29607
6623,2002,31143,1,19.65408805,5088
6624,2002,31145,2,18.32508704,10914
6625,2002,31147,2,23.82086708,8396
6626,2002,31151,2,15.67398119,12760
6627,2002,31153,15,13.28609389,112900
6628,2002,31155,4,20.75980901,19268
6629,2002,31157,6,20.25384823,29624
6630,2002,31159,1,7.424456159,13469
6631,2002,31161,1,18.98974554,5266
6632,2002,31169,1,18.49112426,5408
6633,2002,31177,1,5.249895002,19048
6634,2002,32001,5,24.70355731,20240
6635,2002,32003,290,21.123093,1372905
6636,2002,32005,14,35.18383554,39791
6637,2002,32007,5,12.15628115,41131
6638,2002,32011,1,67.34006734,1485
6639,2002,32013,2,15.0579732,13282
6640,2002,32015,1,22.88329519,4370
6641,2002,32017,3,76.08419985,3943
6642,2002,32019,9,26.24136222,34297
6643,2002,32021,2,48.30917874,4140
6644,2002,32023,9,27.94163303,32210
6645,2002,32027,3,48.21600771,6222
6646,2002,32029,4,137.0801919,2918
6647,2002,32031,79,27.64586694,285757
6648,2002,32033,3,37.92667509,7910
6649,2002,32510,14,28.72207291,48743
6650,2002,33001,6,11.11461016,53983
6651,2002,33003,10,24.44031675,40916
6652,2002,33005,8,10.66126496,75038
6653,2002,33007,7,22.49429609,31119
6654,2002,33009,20,28.38046856,70471
6655,2002,33011,27,7.837991616,344476
6656,2002,33013,15,11.00957833,136245
6657,2002,33015,27,10.10407194,267219
6658,2002,33017,13,12.59885254,103184
6659,2002,33019,5,14.48687489,34514
6660,2002,34001,31,13.12619353,236169
6661,2002,34003,53,7.244851371,731554
6662,2002,34005,33,8.460844238,390032
6663,2002,34007,44,10.47337264,420113
6664,2002,34009,7,7.080791835,98859
6665,2002,34011,11,8.379994667,131265
6666,2002,34013,43,5.882240285,731014
6667,2002,34015,15,5.922322814,253279
6668,2002,34017,37,6.940354221,533114
6669,2002,34019,10,7.959248647,125640
6670,2002,34021,10,3.455663833,289380
6671,2002,34023,42,6.05835931,693257
6672,2002,34025,40,6.947327103,575761
6673,2002,34027,24,5.47244283,438561
6674,2002,34029,39,7.683184857,507602
6675,2002,34031,26,5.885921781,441732
6676,2002,34033,5,8.233705497,60726
6677,2002,34035,15,5.382903897,278660
6678,2002,34037,14,10.47480809,133654
6679,2002,34039,26,5.391226815,482265
6680,2002,34041,9,8.760573526,102733
6681,2002,35001,117,21.51886395,543709
6682,2002,35003,2,57.72005772,3465
6683,2002,35005,10,17.90093622,55863
6684,2002,35006,4,17.54847767,22794
6685,2002,35007,5,38.97419908,12829
6686,2002,35009,3,7.223171936,41533
6687,2002,35011,2,115.8748552,1726
6688,2002,35013,26,16.29899887,159519
6689,2002,35015,13,29.20495136,44513
6690,2002,35017,6,21.72496198,27618
6691,2002,35019,1,25.95380223,3853
6692,2002,35023,1,21.21340687,4714
6693,2002,35025,7,14.75019491,47457
6694,2002,35027,10,54.20054201,18450
6695,2002,35029,10,44.71871926,22362
6696,2002,35031,9,14.7287456,61105
6697,2002,35033,1,21.64502165,4620
6698,2002,35035,13,22.45948654,57882
6699,2002,35039,10,28.85919598,34651
6700,2002,35041,2,12.53604112,15954
6701,2002,35043,15,16.8744094,88892
6702,2002,35045,21,19.31247586,108738
6703,2002,35047,7,24.58383086,28474
6704,2002,35049,26,20.15628876,128992
6705,2002,35051,6,49.56629492,12105
6706,2002,35053,5,30.90999011,16176
6707,2002,35055,8,28.66356145,27910
6708,2002,35057,5,31.04433131,16106
6709,2002,35061,8,12.70365548,62974
6710,2002,36001,32,11.73274279,272741
6711,2002,36003,6,13.74822419,43642
6712,2002,36007,18,9.48136911,189846
6713,2002,36009,10,12.84719546,77838
6714,2002,36011,3,4.060309125,73886
6715,2002,36013,14,10.47245744,133684
6716,2002,36015,8,10.29746811,77689
6717,2002,36017,2,4.57582136,43708
6718,2002,36019,12,15.95002326,75235
6719,2002,36021,8,14.44121523,55397
6720,2002,36023,3,6.899406651,43482
6721,2002,36025,2,5.025125628,39800
6722,2002,36027,17,6.420060802,264795
6723,2002,36029,71,8.147490229,871434
6724,2002,36031,9,27.44990393,32787
6725,2002,36033,8,16.23772022,49268
6726,2002,36035,2,4.067189978,49174
6727,2002,36037,4,6.917662522,57823
6728,2002,36039,4,8.428682808,47457
6729,2002,36043,11,22.94869923,47933
6730,2002,36045,14,12.86670098,108808
6731,2002,36051,5,8.958646886,55812
6732,2002,36053,6,10.11514406,59317
6733,2002,36055,39,5.32633353,732211
6734,2002,36057,3,6.7021134,44762
6735,2002,36059,48,4.249216551,1129620
6736,2002,36063,20,9.533206542,209793
6737,2002,36065,16,7.78747968,205458
6738,2002,36067,35,8.343146463,419506
6739,2002,36069,12,13.13111418,91386
6740,2002,36071,23,7.462250745,308218
6741,2002,36073,5,12.28259802,40708
6742,2002,36075,9,8.388088914,107295
6743,2002,36077,4,7.697044335,51968
6744,2002,36079,4,4.60320383,86896
6745,2002,36083,11,7.547169811,145750
6746,2002,36087,8,3.075479967,260122
6747,2002,36089,4,3.810140689,104983
6748,2002,36091,20,11.24922662,177790
6749,2002,36093,12,8.76014717,136984
6750,2002,36095,5,17.6161787,28383
6751,2002,36097,2,11.23469273,17802
6752,2002,36099,4,12.30466347,32508
6753,2002,36101,10,11.52392367,86776
6754,2002,36103,73,5.685442386,1283981
6755,2002,36105,14,20.0627678,69781
6756,2002,36107,3,5.776117679,51938
6757,2002,36109,8,10.67848419,74917
6758,2002,36111,16,10.02286466,159635
6759,2002,36113,6,10.52022513,57033
6760,2002,36115,5,8.39757478,59541
6761,2002,36117,1,1.078016019,92763
6762,2002,36119,49,5.82666042,840962
6763,2002,36121,7,18.47648208,37886
6764,2002,37001,8,6.707807888,119264
6765,2002,37003,2,6.003301816,33315
6766,2002,37005,2,19.74723539,10128
6767,2002,37007,1,4.043181175,24733
6768,2002,37009,6,27.55959763,21771
6769,2002,37011,2,11.7688596,16994
6770,2002,37013,4,9.689218322,41283
6771,2002,37015,4,22.51998649,17762
6772,2002,37017,10,33.75755325,29623
6773,2002,37019,11,15.73496596,69908
6774,2002,37021,32,17.25923369,185408
6775,2002,37023,14,19.06993217,73414
6776,2002,37025,17,12.36219785,137516
6777,2002,37027,10,12.71892449,78623
6778,2002,37031,14,25.12111968,55730
6779,2002,37035,17,12.55808113,135371
6780,2002,37037,4,7.787555486,51364
6781,2002,37039,1,4.651162791,21500
6782,2002,37041,2,14.93763537,13389
6783,2002,37043,2,21.9731927,9102
6784,2002,37045,16,18.02776275,88752
6785,2002,37047,8,15.6320222,51177
6786,2002,37049,8,9.593476436,83390
6787,2002,37051,45,15.64096682,287706
6788,2002,37053,1,5.731972945,17446
6789,2002,37055,2,6.401843731,31241
6790,2002,37057,19,13.56348424,140082
6791,2002,37059,3,8.620937383,34799
6792,2002,37061,9,19.15668036,46981
6793,2002,37063,21,10.4413717,201123
6794,2002,37065,2,4.051371389,49366
6795,2002,37067,35,12.22084107,286396
6796,2002,37069,3,6.540222368,45870
6797,2002,37071,36,20.14955447,178664
6798,2002,37077,3,6.33566345,47351
6799,2002,37081,44,10.8066687,407156
6800,2002,37083,5,9.914340102,50432
6801,2002,37085,13,14.73889481,88202
6802,2002,37087,10,19.69667126,50770
6803,2002,37089,7,8.678618364,80658
6804,2002,37091,1,4.467077638,22386
6805,2002,37093,3,9.065087327,33094
6806,2002,37095,2,35.86800574,5576
6807,2002,37097,14,12.45086356,112442
6808,2002,37099,9,31.14294612,28899
6809,2002,37101,17,14.58138557,116587
6810,2002,37105,5,11.04435413,45272
6811,2002,37107,5,8.752888453,57124
6812,2002,37109,11,18.63774992,59020
6813,2002,37111,8,21.36295663,37448
6814,2002,37113,3,10.31991744,29070
6815,2002,37115,3,17.49781277,17145
6816,2002,37117,2,8.590327291,23282
6817,2002,37119,90,13.89204032,647853
6818,2002,37121,3,20.229265,14830
6819,2002,37123,5,20.66030329,24201
6820,2002,37125,8,11.73536746,68170
6821,2002,37127,11,13.74914068,80005
6822,2002,37129,16,10.39210719,153963
6823,2002,37131,1,4.985790497,20057
6824,2002,37133,13,9.028843683,143983
6825,2002,37135,15,13.92473218,107722
6826,2002,37139,2,5.900575306,33895
6827,2002,37141,8,19.77994808,40445
6828,2002,37143,3,29.40311673,10203
6829,2002,37145,8,23.06140098,34690
6830,2002,37147,21,16.89148428,124323
6831,2002,37149,4,24.98126405,16012
6832,2002,37151,17,13.87098353,122558
6833,2002,37153,9,21.53161559,41799
6834,2002,37155,11,10.72982306,102518
6835,2002,37157,11,13.94293537,78893
6836,2002,37159,22,18.35352221,119868
6837,2002,37161,5,8.88651915,56265
6838,2002,37163,8,14.1678178,56466
6839,2002,37165,2,5.943536404,33650
6840,2002,37167,7,14.34220501,48807
6841,2002,37169,9,21.92127825,41056
6842,2002,37171,12,16.7548624,71621
6843,2002,37175,2,7.027159973,28461
6844,2002,37179,12,9.575868811,125315
6845,2002,37181,5,11.9780562,41743
6846,2002,37183,54,9.576301845,563892
6847,2002,37185,2,10.89443294,18358
6848,2002,37187,2,16.88761294,11843
6849,2002,37189,5,11.81223275,42329
6850,2002,37191,11,9.871313962,111434
6851,2002,37193,10,17.36141252,57599
6852,2002,37195,11,16.1179246,68247
6853,2002,37197,3,9.083202132,33028
6854,2002,37199,2,11.98753297,16684
6855,2002,38003,2,19.55416504,10228
6856,2002,38005,1,15.61767921,6403
6857,2002,38009,3,46.20360388,6493
6858,2002,38013,2,101.2658228,1975
6859,2002,38015,13,19.5092669,66635
6860,2002,38017,21,17.88634505,117408
6861,2002,38019,1,24.56398919,4071
6862,2002,38023,1,56.81818182,1760
6863,2002,38025,1,30.84515731,3242
6864,2002,38029,1,26.37130802,3792
6865,2002,38031,1,27.95638803,3577
6866,2002,38035,8,13.96160558,57300
6867,2002,38041,1,45.45454545,2200
6868,2002,38045,1,23.4962406,4256
6869,2002,38049,1,17.89228842,5589
6870,2002,38053,1,17.93721973,5575
6871,2002,38057,2,25.70694087,7780
6872,2002,38059,1,4.361669647,22927
6873,2002,38061,2,35.58718861,5620
6874,2002,38063,1,36.14022407,2767
6875,2002,38067,1,13.90627173,7191
6876,2002,38071,1,9.505703422,10520
6877,2002,38073,2,38.99395594,5129
6878,2002,38077,1,6.525285481,15325
6879,2002,38079,3,23.03616678,13023
6880,2002,38085,3,80.32128514,3735
6881,2002,38089,5,26.35323881,18973
6882,2002,38093,4,18.62197393,21480
6883,2002,38101,8,15.47328923,51702
6884,2002,38103,1,23.50728726,4254
6885,2002,38105,1,5.869233478,17038
6886,2002,39001,6,24.61134583,24379
6887,2002,39003,8,8.87242561,90167
6888,2002,39005,6,12.54337919,47834
6889,2002,39007,16,17.51601073,91345
6890,2002,39009,6,10.28718388,58325
6891,2002,39011,2,4.359197908,45880
6892,2002,39013,9,14.31366,62877
6893,2002,39015,2,4.901600373,40803
6894,2002,39017,40,13.63084934,293452
6895,2002,39019,6,23.00172513,26085
6896,2002,39021,3,8.145091225,36832
6897,2002,39023,19,14.30066009,132861
6898,2002,39025,26,15.870303,163828
6899,2002,39027,3,7.737143447,38774
6900,2002,39029,10,10.12668483,98749
6901,2002,39031,4,12.1676705,32874
6902,2002,39033,5,12.6027121,39674
6903,2002,39035,159,12.20544762,1302697
6904,2002,39037,4,8.839192982,45253
6905,2002,39041,12,10.2650083,116902
6906,2002,39043,4,5.306588129,75378
6907,2002,39045,6,5.006592013,119842
6908,2002,39047,4,15.3033897,26138
6909,2002,39049,137,14.54988806,941588
6910,2002,39051,3,7.460088526,40214
6911,2002,39053,6,19.72581122,30417
6912,2002,39055,8,10.31206899,77579
6913,2002,39057,14,10.00328679,139954
6914,2002,39059,7,17.11073087,40910
6915,2002,39061,103,13.72469592,750472
6916,2002,39063,8,11.86837967,67406
6917,2002,39065,3,10.50273071,28564
6918,2002,39071,7,18.67961787,37474
6919,2002,39073,8,37.46370703,21354
6920,2002,39075,2,5.319856364,37595
6921,2002,39077,7,12.96416335,53995
6922,2002,39079,7,23.01420305,30416
6923,2002,39081,10,14.1107411,70868
6924,2002,39083,1,1.996924736,50077
6925,2002,39085,33,14.87598835,221834
6926,2002,39087,5,8.360644773,59804
6927,2002,39089,12,8.78670279,136570
6928,2002,39091,1,2.463114855,40599
6929,2002,39093,27,10.62013735,254234
6930,2002,39095,60,15.41279313,389287
6931,2002,39097,8,21.87047213,36579
6932,2002,39099,25,10.55832418,236780
6933,2002,39101,6,10.59845969,56612
6934,2002,39103,10,7.726661619,129422
6935,2002,39105,5,23.48630748,21289
6936,2002,39109,10,12.27159494,81489
6937,2002,39111,1,7.218131947,13854
6938,2002,39113,82,16.80696382,487893
6939,2002,39115,4,29.64060763,13495
6940,2002,39117,1,3.403444286,29382
6941,2002,39119,13,16.12303113,80630
6942,2002,39121,2,15.18026565,13175
6943,2002,39123,6,15.10764195,39715
6944,2002,39125,1,5.605695387,17839
6945,2002,39127,2,6.80063926,29409
6946,2002,39129,7,16.08936493,43507
6947,2002,39131,2,7.259528131,27550
6948,2002,39133,10,6.619579392,151067
6949,2002,39135,6,17.26718084,34748
6950,2002,39137,2,6.858240176,29162
6951,2002,39139,12,10.29795414,116528
6952,2002,39141,7,10.6932266,65462
6953,2002,39143,11,22.11455339,49741
6954,2002,39145,7,9.454987506,74035
6955,2002,39147,8,14.25313569,56128
6956,2002,39149,3,6.403005144,46853
6957,2002,39151,37,10.76739516,343630
6958,2002,39153,62,13.38540688,463191
6959,2002,39155,23,11.83925382,194269
6960,2002,39157,13,15.68211154,82897
6961,2002,39159,3,7.983606994,37577
6962,2002,39163,2,17.30852445,11555
6963,2002,39165,14,8.688366897,161135
6964,2002,39167,12,21.97761946,54601
6965,2002,39169,12,11.45530046,104755
6966,2002,39171,5,13.90356487,35962
6967,2002,39173,14,11.50606123,121675
6968,2002,40001,2,10.3820598,19264
6969,2002,40005,2,16.2999185,12270
6970,2002,40007,1,18.36210062,5446
6971,2002,40009,6,35.93890386,16695
6972,2002,40011,3,28.17695125,10647
6973,2002,40013,9,27.01648005,33313
6974,2002,40015,6,22.781638,26337
6975,2002,40017,5,6.688247412,74758
6976,2002,40019,8,20.61005771,38816
6977,2002,40021,2,4.914004914,40700
6978,2002,40023,1,7.859163785,12724
6979,2002,40025,1,39.15426782,2554
6980,2002,40027,29,15.16609489,191216
6981,2002,40031,18,19.13550061,94066
6982,2002,40033,1,16.57824934,6032
6983,2002,40035,3,22.97794118,13056
6984,2002,40037,13,21.51391785,60426
6985,2002,40039,2,8.365750617,23907
6986,2002,40041,6,17.09012191,35108
6987,2002,40043,3,69.99533364,4286
6988,2002,40047,8,14.03139525,57015
6989,2002,40049,4,15.75919943,25382
6990,2002,40051,4,10.2574623,38996
6991,2002,40053,1,22.57336343,4430
6992,2002,40061,1,9.131586157,10951
6993,2002,40063,1,7.949125596,12580
6994,2002,40065,3,12.34110823,24309
6995,2002,40067,1,18.00828381,5553
6996,2002,40069,2,20.80948913,9611
6997,2002,40071,3,7.373906204,40684
6998,2002,40073,1,8.23723229,12140
6999,2002,40075,2,22.49718785,8890
7000,2002,40077,6,62.1761658,9650
7001,2002,40079,5,11.37734089,43947
7002,2002,40081,7,25.53532995,27413
7003,2002,40083,3,10.08200027,29756
7004,2002,40085,2,25.00312539,7999
7005,2002,40087,2,7.319840427,27323
7006,2002,40089,5,15.55645437,32141
7007,2002,40091,10,58.68200223,17041
7008,2002,40095,2,18.16035594,11013
7009,2002,40097,10,28.510335,35075
7010,2002,40099,3,26.72605791,11225
7011,2002,40101,10,16.13631963,61972
7012,2002,40103,1,9.327488107,10721
7013,2002,40105,1,10.32204789,9688
7014,2002,40107,1,9.29800093,10755
7015,2002,40109,107,17.43957676,613547
7016,2002,40111,3,8.378718056,35805
7017,2002,40113,7,19.10532493,36639
7018,2002,40115,5,17.1632569,29132
7019,2002,40117,2,13.45442314,14865
7020,2002,40119,6,9.208809761,65155
7021,2002,40121,9,21.81289384,41260
7022,2002,40123,5,16.30629749,30663
7023,2002,40125,8,13.83819688,57811
7024,2002,40127,2,18.69857891,10696
7025,2002,40129,1,31.72588832,3152
7026,2002,40131,7,10.08427573,69415
7027,2002,40133,3,12.88659794,23280
7028,2002,40135,6,16.05007624,37383
7029,2002,40137,2,5.151983514,38820
7030,2002,40139,3,16.52073352,18159
7031,2002,40143,84,16.20789324,518266
7032,2002,40145,5,8.998308318,55566
7033,2002,40147,6,12.79344975,46899
7034,2002,40149,1,9.319664492,10730
7035,2002,40151,1,13.55932203,7375
7036,2002,40153,2,11.16382919,17915
7037,2002,41001,1,7.250054375,13793
7038,2002,41003,13,18.66582431,69646
7039,2002,41005,41,12.41927471,330132
7040,2002,41007,14,40.56677581,34511
7041,2002,41009,5,11.81390733,42323
7042,2002,41011,9,15.9269484,56508
7043,2002,41013,1,5.36595836,18636
7044,2002,41015,11,55.63423022,19772
7045,2002,41017,25,20.74310084,120522
7046,2002,41019,16,17.64193488,90693
7047,2002,41023,1,14.94544911,6691
7048,2002,41025,2,30.52037235,6553
7049,2002,41027,1,5.10960094,19571
7050,2002,41029,41,24.69150672,166049
7051,2002,41031,3,17.84758165,16809
7052,2002,41033,9,12.30365419,73149
7053,2002,41035,13,21.53066464,60379
7054,2002,41037,1,13.50438893,7405
7055,2002,41039,46,16.75084574,274613
7056,2002,41041,12,28.64371986,41894
7057,2002,41043,18,20.08659555,89612
7058,2002,41045,7,24.31315342,28791
7059,2002,41047,41,15.35994725,266928
7060,2002,41051,106,17.05276705,621600
7061,2002,41053,5,8.729507481,57277
7062,2002,41055,1,69.49270327,1439
7063,2002,41057,5,21.84073734,22893
7064,2002,41059,9,13.89146138,64788
7065,2002,41061,4,18.14717358,22042
7066,2002,41065,5,26.01862934,19217
7067,2002,41067,41,9.270376174,442269
7068,2002,41071,12,15.52232628,77308
7069,2002,42001,12,14.29524445,83944
7070,2002,42003,148,13.09211987,1130451
7071,2002,42005,6,9.037233402,66392
7072,2002,42007,22,12.73243936,172787
7073,2002,42009,8,18.23403382,43874
7074,2002,42011,34,9.999441208,340019
7075,2002,42013,17,14.80062685,114860
7076,2002,42015,9,15.23255027,59084
7077,2002,42017,53,9.869444015,537011
7078,2002,42019,18,11.99192544,150101
7079,2002,42021,25,18.91846897,132146
7080,2002,42025,10,19.90643973,50235
7081,2002,42027,16,11.7424298,136258
7082,2002,42029,35,8.731576374,400844
7083,2002,42031,4,10.1401881,39447
7084,2002,42033,17,20.55622733,82700
7085,2002,42035,2,6.001140217,33327
7086,2002,42037,7,11.84934405,59075
7087,2002,42039,9,10.26647198,87664
7088,2002,42041,25,12.24475802,204169
7089,2002,42043,29,12.37085257,234422
7090,2002,42045,52,9.823739444,529330
7091,2002,42047,4,13.40033501,29850
7092,2002,42049,22,9.088768348,242057
7093,2002,42051,22,16.59187752,132595
7094,2002,42055,15,12.30062733,121945
7095,2002,42057,2,15.71091909,12730
7096,2002,42059,5,14.67739095,34066
7097,2002,42061,3,7.223867659,41529
7098,2002,42063,13,15.07193953,86253
7099,2002,42065,9,21.64346007,41583
7100,2002,42067,1,4.806074879,20807
7101,2002,42069,34,16.63608563,204375
7102,2002,42071,34,7.851323641,433048
7103,2002,42073,7,8.112367884,86288
7104,2002,42075,7,6.345580303,110313
7105,2002,42077,47,17.29715407,271721
7106,2002,42079,38,12.61569924,301212
7107,2002,42081,11,9.96972828,110334
7108,2002,42083,6,15.4515722,38831
7109,2002,42085,8,6.86553843,116524
7110,2002,42087,7,16.51995374,42373
7111,2002,42089,16,12.00633334,133263
7112,2002,42091,75,10.28002796,729570
7113,2002,42093,8,49.31878429,16221
7114,2002,42095,23,8.747375787,262936
7115,2002,42097,9,10.21543211,88102
7116,2002,42099,6,14.77759716,40602
7117,2002,42101,166,13.06844796,1270235
7118,2002,42103,3,6.900676266,43474
7119,2002,42105,4,22.60270102,17697
7120,2002,42107,20,17.45962462,114550
7121,2002,42109,1,2.744312413,36439
7122,2002,42111,9,12.78808719,70378
7123,2002,42113,3,50.8560773,5899
7124,2002,42115,4,10.64480932,37577
7125,2002,42117,5,12.77596075,39136
7126,2002,42119,7,17.04158146,41076
7127,2002,42121,3,5.856286724,51227
7128,2002,42123,3,7.592630087,39512
7129,2002,42125,25,14.35164987,174196
7130,2002,42127,5,11.5069502,43452
7131,2002,42129,43,13.23471929,324903
7132,2002,42131,4,14.60867025,27381
7133,2002,42133,47,13.722788,342496
7134,2002,44001,3,6.96314177,43084
7135,2002,44003,12,7.588308945,158138
7136,2002,44005,7,9.368182974,74721
7137,2002,44007,51,8.554980005,596144
7138,2002,44009,13,11.70032761,111108
7139,2002,45003,10,7.200875626,138872
7140,2002,45005,1,9.612611747,10403
7141,2002,45007,32,20.82099798,153691
7142,2002,45009,2,13.31735251,15018
7143,2002,45011,1,4.864286409,20558
7144,2002,45013,8,6.636195469,120551
7145,2002,45015,8,6.073028164,131730
7146,2002,45017,4,31.78639542,12584
7147,2002,45019,41,14.95717142,274116
7148,2002,45021,7,14.39233505,48637
7149,2002,45023,2,6.113403637,32715
7150,2002,45025,10,24.66699556,40540
7151,2002,45029,3,8.34028357,35970
7152,2002,45031,4,6.289011525,63603
7153,2002,45033,3,10.79641559,27787
7154,2002,45035,12,13.6045167,88206
7155,2002,45037,3,13.02309429,23036
7156,2002,45039,5,24.57727094,20344
7157,2002,45041,14,13.15233219,106445
7158,2002,45043,2,3.787161522,52810
7159,2002,45045,43,11.68840347,367886
7160,2002,45047,4,6.245706077,64044
7161,2002,45049,1,5.631581911,17757
7162,2002,45051,34,19.26673089,176470
7163,2002,45055,6,11.7968581,50861
7164,2002,45057,3,5.171700455,58008
7165,2002,45059,4,5.972110245,66978
7166,2002,45063,27,12.65437162,213365
7167,2002,45067,4,12.90072889,31006
7168,2002,45069,2,7.708911502,25944
7169,2002,45071,5,15.24948152,32788
7170,2002,45073,13,20.15097732,64513
7171,2002,45075,8,9.23211854,86654
7172,2002,45077,17,16.1790738,105074
7173,2002,45079,27,8.713218921,309874
7174,2002,45081,1,5.401317922,18514
7175,2002,45083,35,15.02107242,233006
7176,2002,45085,9,9.833916084,91520
7177,2002,45087,2,7.075137965,28268
7178,2002,45089,1,3.191014104,31338
7179,2002,45091,14,8.826069688,158621
7180,2002,46005,5,33.16749585,15075
7181,2002,46007,1,30.86419753,3240
7182,2002,46009,1,14.81700993,6749
7183,2002,46011,2,7.284647605,27455
7184,2002,46017,1,55.92841163,1788
7185,2002,46019,2,24.09928907,8299
7186,2002,46021,1,72.56894049,1378
7187,2002,46023,1,11.97031362,8354
7188,2002,46027,1,8.942144326,11183
7189,2002,46029,3,13.43002955,22338
7190,2002,46035,4,23.16289305,17269
7191,2002,46041,6,121.1631664,4952
7192,2002,46049,1,44.03346543,2271
7193,2002,46051,1,13.46076188,7429
7194,2002,46057,1,20.0762899,4981
7195,2002,46065,3,18.41620626,16290
7196,2002,46067,1,13.88888889,7200
7197,2002,46071,1,40.76640848,2453
7198,2002,46077,2,38.00114003,5263
7199,2002,46081,5,26.25360987,19045
7200,2002,46091,1,23.44116268,4266
7201,2002,46093,2,8.682439766,23035
7202,2002,46097,1,40.81632653,2450
7203,2002,46099,21,14.70856038,142774
7204,2002,46103,14,16.85832982,83045
7205,2002,46109,2,23.66583836,8451
7206,2002,46113,2,17.34454948,11531
7207,2002,46115,1,15.94896332,6270
7208,2002,46117,1,39.43217666,2536
7209,2002,46123,1,17.14971703,5831
7210,2002,46127,2,17.71636106,11289
7211,2002,46135,1,5.181615628,19299
7212,2002,47001,10,18.24151769,54820
7213,2002,47003,11,29.14293284,37745
7214,2002,47005,3,20.44571662,14673
7215,2002,47007,1,8.954154728,11168
7216,2002,47009,25,26.42650261,94602
7217,2002,47011,10,11.6985061,85481
7218,2002,47013,9,30.28569506,29717
7219,2002,47015,2,15.63232765,12794
7220,2002,47017,5,18.69648132,26743
7221,2002,47019,6,11.27268628,53226
7222,2002,47021,5,14.18037436,35260
7223,2002,47023,1,6.915629322,14460
7224,2002,47025,4,14.64236035,27318
7225,2002,47027,1,13.96843135,7159
7226,2002,47029,3,10.40727121,28826
7227,2002,47031,8,18.81379051,42522
7228,2002,47033,1,8.024394158,12462
7229,2002,47035,6,13.30052537,45111
7230,2002,47037,111,20.62234905,538251
7231,2002,47039,3,30.20843822,9931
7232,2002,47041,4,23.46316283,17048
7233,2002,47043,7,17.5333133,39924
7234,2002,47045,5,14.94009024,33467
7235,2002,47047,3,10.2207686,29352
7236,2002,47049,3,20.03338898,14975
7237,2002,47051,8,22.23272101,35983
7238,2002,47053,4,9.576709443,41768
7239,2002,47055,3,10.64811528,28174
7240,2002,47057,2,10.10662489,19789
7241,2002,47059,4,6.723932156,59489
7242,2002,47063,9,17.26188193,52138
7243,2002,47065,41,13.70238421,299218
7244,2002,47069,3,11.37483886,26374
7245,2002,47071,3,13.67801942,21933
7246,2002,47073,4,8.008649341,49946
7247,2002,47075,1,5.616399888,17805
7248,2002,47077,5,21.78554311,22951
7249,2002,47079,2,7.263219059,27536
7250,2002,47081,4,20.19182231,19810
7251,2002,47083,1,14.15428167,7065
7252,2002,47085,3,17.54078232,17103
7253,2002,47089,1,2.63518499,37948
7254,2002,47091,3,19.43005181,15440
7255,2002,47093,72,19.80764575,363496
7256,2002,47097,1,3.9550704,25284
7257,2002,47099,3,8.140670791,36852
7258,2002,47103,5,17.69598301,28255
7259,2002,47105,5,12.89357642,38779
7260,2002,47107,5,10.73906227,46559
7261,2002,47109,5,23.56045613,21222
7262,2002,47111,2,9.929500546,20142
7263,2002,47113,13,15.58659553,83405
7264,2002,47115,1,4.032583273,24798
7265,2002,47117,4,16.52278078,24209
7266,2002,47119,8,11.82889503,67631
7267,2002,47121,2,19.65795164,10174
7268,2002,47123,5,15.66661444,31915
7269,2002,47125,18,14.18517964,126893
7270,2002,47129,5,25.78781783,19389
7271,2002,47131,1,3.776862938,26477
7272,2002,47133,2,10.38583372,19257
7273,2002,47135,2,28.03476311,7134
7274,2002,47137,1,21.90100745,4566
7275,2002,47139,4,27.75079784,14414
7276,2002,47141,12,22.5814343,53141
7277,2002,47143,2,7.66724171,26085
7278,2002,47145,9,18.94338034,47510
7279,2002,47147,7,12.69104556,55157
7280,2002,47149,20,10.64724609,187842
7281,2002,47151,5,29.32895354,17048
7282,2002,47155,15,22.66271832,66188
7283,2002,47157,110,13.33929964,824631
7284,2002,47159,1,5.607267018,17834
7285,2002,47161,1,8.833141949,11321
7286,2002,47163,25,16.36800513,152737
7287,2002,47165,12,10.26597428,116891
7288,2002,47167,9,19.18158568,46920
7289,2002,47169,3,46.23921085,6488
7290,2002,47173,3,18.55631843,16167
7291,2002,47177,3,8.994962821,33352
7292,2002,47179,23,21.41128282,107420
7293,2002,47181,2,14.43418014,13856
7294,2002,47183,4,12.52661907,31932
7295,2002,47185,6,26.28005782,22831
7296,2002,47187,11,9.204866864,119502
7297,2002,47189,8,9.483504629,84357
7298,2002,48001,10,19.14315249,52238
7299,2002,48003,4,36.25487175,11033
7300,2002,48005,9,12.55317665,71695
7301,2002,48007,3,15.77618847,19016
7302,2002,48013,5,13.25064928,37734
7303,2002,48015,1,4.67923822,21371
7304,2002,48017,1,17.45810056,5728
7305,2002,48019,3,17.46623195,17176
7306,2002,48021,12,20.4391,58711
7307,2002,48025,4,13.35158049,29959
7308,2002,48027,33,15.05556874,219188
7309,2002,48029,144,10.3259412,1394546
7310,2002,48031,4,49.52333787,8077
7311,2002,48035,1,6.226262375,16061
7312,2002,48037,12,14.84597303,80830
7313,2002,48039,24,10.19653828,235374
7314,2002,48041,10,6.662669065,150090
7315,2002,48043,2,24.10509823,8297
7316,2002,48047,2,26.54984734,7533
7317,2002,48049,5,14.94544911,33455
7318,2002,48051,1,6.464541987,15469
7319,2002,48053,6,19.01803544,31549
7320,2002,48057,3,15.38698261,19497
7321,2002,48059,1,8.416799933,11881
7322,2002,48061,25,7.799362948,320539
7323,2002,48063,1,9.351037965,10694
7324,2002,48065,1,17.33102253,5770
7325,2002,48067,5,17.1538356,29148
7326,2002,48069,3,41.29955947,7264
7327,2002,48071,1,4.289268251,23314
7328,2002,48073,8,21.91900926,36498
7329,2002,48075,2,29.15026964,6861
7330,2002,48083,1,12.26391955,8154
7331,2002,48085,38,7.261123372,523335
7332,2002,48087,1,38.49114704,2598
7333,2002,48089,4,21.10706559,18951
7334,2002,48091,10,13.04937885,76632
7335,2002,48097,3,8.878366381,33790
7336,2002,48099,9,12.80063719,70309
7337,2002,48103,1,27.89400279,3585
7338,2002,48105,3,85.08224617,3526
7339,2002,48109,1,36.39010189,2748
7340,2002,48113,246,11.82251805,2080775
7341,2002,48115,3,21.3371266,14060
7342,2002,48117,1,6.089021494,16423
7343,2002,48121,39,8.954709833,435525
7344,2002,48123,2,10.47284914,19097
7345,2002,48129,1,27.9173646,3582
7346,2002,48133,2,12.19660934,16398
7347,2002,48135,16,15.01543775,106557
7348,2002,48139,12,11.19601422,107181
7349,2002,48141,56,9.392191064,596240
7350,2002,48143,2,7.046968042,28381
7351,2002,48145,1,6.074965069,16461
7352,2002,48147,4,13.25029813,30188
7353,2002,48149,3,14.31434297,20958
7354,2002,48157,30,8.793940389,341144
7355,2002,48159,2,22.32142857,8960
7356,2002,48161,5,30.01560812,16658
7357,2002,48167,42,18.23660695,230306
7358,2002,48171,4,21.05041575,19002
7359,2002,48175,2,29.81070204,6709
7360,2002,48177,4,26.05184317,15354
7361,2002,48179,4,19.06032593,20986
7362,2002,48181,8,7.604418167,105202
7363,2002,48183,26,24.46206968,106287
7364,2002,48185,3,12.90766715,23242
7365,2002,48187,9,10.87560722,82754
7366,2002,48189,2,6.3000063,31746
7367,2002,48191,1,28.33663927,3529
7368,2002,48193,1,13.36183859,7484
7369,2002,48197,1,23.93489708,4178
7370,2002,48199,4,9.034443817,44275
7371,2002,48201,398,12.79142679,3111459
7372,2002,48203,6,10.48254656,57238
7373,2002,48205,3,61.84291899,4851
7374,2002,48207,1,20.95557418,4772
7375,2002,48209,11,11.04639486,99580
7376,2002,48211,1,33.36670003,2997
7377,2002,48213,14,20.55619182,68106
7378,2002,48215,22,4.506839128,488147
7379,2002,48217,7,21.95871761,31878
7380,2002,48221,4,10.17268126,39321
7381,2002,48223,6,21.68883748,27664
7382,2002,48225,5,23.87318564,20944
7383,2002,48227,6,22.68431002,26450
7384,2002,48229,1,32.72251309,3056
7385,2002,48231,9,12.62325203,71297
7386,2002,48239,1,7.473841555,13380
7387,2002,48241,2,6.128953175,32632
7388,2002,48245,25,11.52796223,216864
7389,2002,48249,1,3.005801196,33269
7390,2002,48251,13,10.06854355,129115
7391,2002,48253,2,11.20762118,17845
7392,2002,48255,1,7.24585175,13801
7393,2002,48257,15,21.22181036,70682
7394,2002,48259,7,30.03003003,23310
7395,2002,48265,7,19.14189614,36569
7396,2002,48267,1,24.348673,4107
7397,2002,48273,2,6.909178844,28947
7398,2002,48277,9,19.1787244,46927
7399,2002,48281,2,12.43394467,16085
7400,2002,48287,1,7.01754386,14250
7401,2002,48289,3,21.10446711,14215
7402,2002,48291,10,13.92505535,71813
7403,2002,48293,6,28.86697137,20785
7404,2002,48297,2,17.32952084,11541
7405,2002,48299,6,39.24390084,15289
7406,2002,48303,38,16.42064507,231416
7407,2002,48305,1,16.82368775,5944
7408,2002,48307,2,29.75747657,6721
7409,2002,48309,22,10.58822397,207778
7410,2002,48313,3,25.35068447,11834
7411,2002,48317,1,23.19109462,4312
7412,2002,48321,5,14.41254468,34692
7413,2002,48323,2,4.332943368,46158
7414,2002,48325,2,5.457323728,36648
7415,2002,48329,9,8.504365574,105828
7416,2002,48331,4,16.93982128,23613
7417,2002,48333,2,44.75274111,4469
7418,2002,48335,3,34.48275862,8700
7419,2002,48337,6,33.84094755,17730
7420,2002,48339,42,15.84768114,265023
7421,2002,48343,1,7.912018356,12639
7422,2002,48347,2,3.75537488,53257
7423,2002,48349,11,26.31201263,41806
7424,2002,48351,1,7.147451933,13991
7425,2002,48355,49,17.09801349,286583
7426,2002,48357,2,23.64625207,8458
7427,2002,48361,10,12.32301076,81149
7428,2002,48363,3,12.25490196,24480
7429,2002,48365,1,4.705439488,21252
7430,2002,48367,9,11.30880579,79584
7431,2002,48371,1,6.965728615,14356
7432,2002,48373,8,20.64356308,38753
7433,2002,48375,30,29.70032373,101009
7434,2002,48379,3,35.86371787,8365
7435,2002,48381,13,12.70449348,102326
7436,2002,48387,3,29.18855809,10278
7437,2002,48389,1,8.296001327,12054
7438,2002,48391,1,13.62212233,7341
7439,2002,48395,3,21.2630236,14109
7440,2002,48397,3,6.025306286,49790
7441,2002,48401,5,11.36002181,44014
7442,2002,48403,1,10.33484911,9676
7443,2002,48405,1,12.19214826,8202
7444,2002,48407,2,9.005358188,22209
7445,2002,48409,8,13.71859727,58315
7446,2002,48413,1,36.87315634,2712
7447,2002,48415,1,7.14183688,14002
7448,2002,48419,1,4.331817197,23085
7449,2002,48421,2,67.22689076,2975
7450,2002,48423,24,15.1955477,157941
7451,2002,48425,1,15.44878727,6473
7452,2002,48427,3,6.121949229,49004
7453,2002,48429,1,11.99184555,8339
7454,2002,48435,1,28.09778028,3559
7455,2002,48437,2,26.62052442,7513
7456,2002,48439,127,9.372541553,1355022
7457,2002,48441,9,8.095126734,111178
7458,2002,48443,1,113.2502831,883
7459,2002,48445,3,28.65055869,10471
7460,2002,48447,1,67.24949563,1487
7461,2002,48449,4,17.00174268,23527
7462,2002,48451,16,16.73762723,95593
7463,2002,48453,107,14.51471344,737183
7464,2002,48455,2,16.12383102,12404
7465,2002,48457,4,20.8084066,19223
7466,2002,48459,5,14.3328078,34885
7467,2002,48463,2,8.500510031,23528
7468,2002,48465,1,2.39102886,41823
7469,2002,48467,10,20.09121411,49773
7470,2002,48469,12,15.71400511,76365
7471,2002,48471,11,19.81268012,55520
7472,2002,48473,5,15.60744163,32036
7473,2002,48477,2,7.053180985,28356
7474,2002,48479,5,2.865904336,174465
7475,2002,48481,3,8.655510675,34660
7476,2002,48483,1,21.87226597,4572
7477,2002,48485,16,13.2452524,120798
7478,2002,48487,4,28.19880155,14185
7479,2002,48489,1,5.613877505,17813
7480,2002,48491,26,9.791294786,265542
7481,2002,48493,4,12.81558375,31212
7482,2002,48495,1,14.96781919,6681
7483,2002,48497,7,14.75268183,47449
7484,2002,48499,4,11.41226819,35050
7485,2002,48501,1,15.19295047,6582
7486,2002,48503,1,6.442053727,15523
7487,2002,49003,8,19.64781295,40717
7488,2002,49005,16,17.57507854,91038
7489,2002,49007,5,26.35601708,18971
7490,2002,49011,26,10.73705772,242152
7491,2002,49013,6,54.50086293,11009
7492,2002,49015,4,42.40882103,9432
7493,2002,49017,2,50.42864347,3966
7494,2002,49019,1,13.68925394,7305
7495,2002,49021,11,37.59783983,29257
7496,2002,49023,2,28.40102244,7042
7497,2002,49025,2,34.31120261,5829
7498,2002,49027,1,8.474576271,11800
7499,2002,49029,1,16.19695497,6174
7500,2002,49033,1,57.47126437,1740
7501,2002,49035,132,15.55041397,848852
7502,2002,49037,4,34.7765606,11502
7503,2002,49039,1,4.607657927,21703
7504,2002,49041,4,24.67917078,16208
7505,2002,49043,2,6.535947712,30600
7506,2002,49045,6,15.43646608,38869
7507,2002,49047,2,7.748934522,25810
7508,2002,49049,43,11.03101511,389810
7509,2002,49051,11,77.20381808,14248
7510,2002,49053,20,21.95558385,91093
7511,2002,49057,35,18.2726594,191543
7512,2002,50001,2,6.131019895,32621
7513,2002,50003,3,8.944277153,33541
7514,2002,50005,4,13.82217768,28939
7515,2002,50007,22,16.80197347,130937
7516,2002,50009,2,31.63055512,6323
7517,2002,50011,4,9.531298401,41967
7518,2002,50013,2,28.71912694,6964
7519,2002,50015,3,14.23082396,21081
7520,2002,50017,4,16.95202577,23596
7521,2002,50019,3,12.64115962,23732
7522,2002,50021,8,14.58390302,54855
7523,2002,50023,10,19.50953041,51257
7524,2002,50025,9,22.62215966,39784
7525,2002,50027,12,23.35857357,51373
7526,2002,51001,2,6.011963808,33267
7527,2002,51003,6,8.226164688,72938
7528,2002,51005,1,6.438735432,15531
7529,2002,51007,2,19.89060169,10055
7530,2002,51009,10,35.99841607,27779
7531,2002,51011,4,30.13409673,13274
7532,2002,51013,22,13.12570849,167610
7533,2002,51015,10,16.28240198,61416
7534,2002,51023,4,13.14665089,30426
7535,2002,51025,2,11.37721145,17579
7536,2002,51027,8,30.78817734,25984
7537,2002,51029,2,14.97902936,13352
7538,2002,51031,3,6.495474819,46186
7539,2002,51033,2,9.292816653,21522
7540,2002,51035,3,10.78632294,27813
7541,2002,51036,1,15.42971764,6481
7542,2002,51037,1,8.647526807,11564
7543,2002,51041,26,11.38732678,228324
7544,2002,51043,2,17.16148962,11654
7545,2002,51045,2,45.27960154,4417
7546,2002,51047,5,15.24994663,32787
7547,2002,51049,1,12.45174947,8031
7548,2002,51051,5,35.36317986,14139
7549,2002,51053,6,26.00104004,23076
7550,2002,51057,4,42.55771891,9399
7551,2002,51059,88,9.701235033,907101
7552,2002,51061,6,10.86405447,55228
7553,2002,51063,1,7.707129094,12975
7554,2002,51065,1,4.919323101,20328
7555,2002,51067,9,18.92505678,47556
7556,2002,51069,5,9.430937247,53017
7557,2002,51071,1,6.232859636,16044
7558,2002,51073,6,18.10446275,33141
7559,2002,51075,2,12.54311696,15945
7560,2002,51081,2,18.65497621,10721
7561,2002,51083,8,24.47980416,32680
7562,2002,51085,6,7.021074927,85457
7563,2002,51087,18,7.303920176,246443
7564,2002,51089,3,5.785251466,51856
7565,2002,51091,1,47.23665564,2117
7566,2002,51093,4,13.87347392,28832
7567,2002,51095,5,10.67167524,46853
7568,2002,51099,2,11.99544173,16673
7569,2002,51103,1,9.007386057,11102
7570,2002,51105,6,26.43870627,22694
7571,2002,51107,9,4.871421535,184751
7572,2002,51109,3,11.36492783,26397
7573,2002,51111,3,25.82866982,11615
7574,2002,51113,1,8.563843453,11677
7575,2002,51115,2,24.90970233,8029
7576,2002,51117,4,13.58234295,29450
7577,2002,51119,2,22.97266253,8706
7578,2002,51121,8,9.584396602,83469
7579,2002,51125,2,14.54545455,13750
7580,2002,51127,4,29.10784456,13742
7581,2002,51131,4,36.12390499,11073
7582,2002,51133,2,17.46419839,11452
7583,2002,51135,4,28.29654782,14136
7584,2002,51137,3,11.49733645,26093
7585,2002,51139,3,14.15428167,21195
7586,2002,51141,6,33.9443313,17676
7587,2002,51143,15,27.33983414,54865
7588,2002,51145,6,25.82644628,23232
7589,2002,51147,1,5.322546306,18788
7590,2002,51149,6,20.08368201,29875
7591,2002,51153,13,4.650231081,279556
7592,2002,51155,12,38.04571827,31541
7593,2002,51157,2,28.94774931,6909
7594,2002,51161,15,19.63839175,76381
7595,2002,51163,2,10.11429149,19774
7596,2002,51165,4,5.997361161,66696
7597,2002,51167,6,23.37996337,25663
7598,2002,51169,3,13.71804838,21869
7599,2002,51171,5,13.80834024,36210
7600,2002,51173,3,10.58238386,28349
7601,2002,51175,3,18.05597352,16615
7602,2002,51177,10,11.13077548,89841
7603,2002,51179,8,9.155098818,87383
7604,2002,51181,1,15.42971764,6481
7605,2002,51183,2,18.90537858,10579
7606,2002,51185,5,12.00076805,41664
7607,2002,51187,4,13.27448312,30133
7608,2002,51191,7,14.18238548,49357
7609,2002,51193,2,12.86421818,15547
7610,2002,51195,6,17.0604794,35169
7611,2002,51197,7,26.98847207,25937
7612,2002,51199,1,1.884943075,53052
7613,2002,51510,12,9.48136911,126564
7614,2002,51530,1,17.16148962,5827
7615,2002,51540,6,14.97641215,40063
7616,2002,51550,12,6.3855941,187923
7617,2002,51570,3,18.56205915,16162
7618,2002,51580,2,37.34129948,5356
7619,2002,51590,7,15.57320519,44949
7620,2002,51600,2,10.09489198,19812
7621,2002,51630,9,51.68255427,17414
7622,2002,51640,3,50.60728745,5928
7623,2002,51650,10,7.696570408,129928
7624,2002,51660,2,4.951843324,40389
7625,2002,51670,3,15.0981379,19870
7626,2002,51680,10,16.51855033,60538
7627,2002,51683,6,18.36322458,32674
7628,2002,51690,8,60.51437216,13220
7629,2002,51700,16,9.54352144,167653
7630,2002,51710,30,13.82781603,216954
7631,2002,51720,3,82.59911894,3632
7632,2002,51730,3,9.983693301,30049
7633,2002,51735,1,9.355412106,10689
7634,2002,51740,10,10.94379268,91376
7635,2002,51750,2,12.81804781,15603
7636,2002,51760,43,24.1730566,177884
7637,2002,51770,19,21.92779983,86648
7638,2002,51775,3,13.70488808,21890
7639,2002,51790,4,17.88268956,22368
7640,2002,51800,4,6.518586119,61363
7641,2002,51810,35,8.616487526,406198
7642,2002,51820,2,10.95050372,18264
7643,2002,51830,1,8.551393877,11694
7644,2002,51840,11,48.9955904,22451
7645,2002,53001,1,6.620762712,15104
7646,2002,53003,4,19.54747593,20463
7647,2002,53005,16,11.57440898,138236
7648,2002,53007,3,5.150568279,58246
7649,2002,53009,12,18.42497198,65129
7650,2002,53011,52,15.24251724,341151
7651,2002,53013,1,27.17391304,3680
7652,2002,53015,12,15.02591971,79862
7653,2002,53017,5,16.03540618,31181
7654,2002,53019,1,15.24390244,6560
7655,2002,53021,5,10.40691019,48045
7656,2002,53025,6,8.573020704,69987
7657,2002,53027,14,22.71252433,61640
7658,2002,53029,13,17.68948156,73490
7659,2002,53031,3,11.69864296,25644
7660,2002,53033,199,12.09953724,1644691
7661,2002,53035,24,11.12512052,215728
7662,2002,53037,7,21.08751318,33195
7663,2002,53039,4,21.76752286,18376
7664,2002,53041,18,29.05334517,61955
7665,2002,53043,2,20.45617265,9777
7666,2002,53045,13,26.91567113,48299
7667,2002,53047,8,22.36573569,35769
7668,2002,53049,8,40.84341655,19587
7669,2002,53053,94,15.26898593,615627
7670,2002,53055,1,7.485590239,13359
7671,2002,53057,28,30.43776022,91991
7672,2002,53059,6,63.89095943,9391
7673,2002,53061,68,13.15071884,517082
7674,2002,53063,66,15.87427574,415767
7675,2002,53065,9,27.25868492,33017
7676,2002,53067,26,12.56378537,206944
7677,2002,53069,2,62.24712107,3213
7678,2002,53071,6,11.69773064,51292
7679,2002,53073,33,23.41156105,140956
7680,2002,53075,4,10.81022647,37002
7681,2002,53077,34,16.24260723,209326
7682,2002,54001,1,6.598482349,15155
7683,2002,54003,10,13.81272705,72397
7684,2002,54005,3,12.78173065,23471
7685,2002,54007,1,7.292350325,13713
7686,2002,54009,4,17.44896179,22924
7687,2002,54011,25,29.1511194,85760
7688,2002,54015,3,29.9880048,10004
7689,2002,54017,2,29.33841866,6817
7690,2002,54019,7,16.39843512,42687
7691,2002,54021,1,14.25923285,7013
7692,2002,54023,2,18.13072251,11031
7693,2002,54025,7,22.53920211,31057
7694,2002,54027,3,15.18141794,19761
7695,2002,54029,3,11.5406809,25995
7696,2002,54031,1,8.675284116,11527
7697,2002,54033,10,15.31956615,65276
7698,2002,54035,4,15.63232765,25588
7699,2002,54037,8,19.33581476,41374
7700,2002,54039,47,27.92383329,168315
7701,2002,54041,1,7.212925563,13864
7702,2002,54043,2,10.5468544,18963
7703,2002,54045,6,17.76619685,33772
7704,2002,54047,2,8.550662676,23390
7705,2002,54049,6,12.64089329,47465
7706,2002,54051,6,18.71782873,32055
7707,2002,54053,2,9.156251431,21843
7708,2002,54055,9,14.67423205,61332
7709,2002,54057,6,23.70229912,25314
7710,2002,54059,5,21.03757311,23767
7711,2002,54061,16,20.96903136,76303
7712,2002,54063,2,16.69588446,11979
7713,2002,54065,2,14.49695564,13796
7714,2002,54067,4,15.69550716,25485
7715,2002,54069,6,14.96483264,40094
7716,2002,54071,4,53.59774889,7463
7717,2002,54075,1,11.66588894,8572
7718,2002,54077,3,12.47660636,24045
7719,2002,54079,7,14.097839,49653
7720,2002,54081,11,15.88424716,69251
7721,2002,54083,1,3.849707422,25976
7722,2002,54085,4,41.91114837,9544
7723,2002,54087,1,6.99056274,14305
7724,2002,54089,3,25.15301417,11927
7725,2002,54091,3,22.13858756,13551
7726,2002,54093,1,14.7427392,6783
7727,2002,54095,1,10.9805644,9107
7728,2002,54097,1,4.274783055,23393
7729,2002,54099,5,13.73928336,36392
7730,2002,54101,2,23.5488049,8493
7731,2002,54103,2,11.58345882,17266
7732,2002,54105,1,19.76284585,5060
7733,2002,54107,9,11.21299711,80264
7734,2002,54109,3,12.68338054,23653
7735,2002,55001,4,20.11566507,19885
7736,2002,55003,2,13.36451721,14965
7737,2002,55005,6,14.3950481,41681
7738,2002,55007,1,7.533524183,13274
7739,2002,55009,21,10.39259256,202067
7740,2002,55013,1,6.794401413,14718
7741,2002,55015,4,9.868989169,40531
7742,2002,55017,7,13.88035137,50431
7743,2002,55019,1,3.287094866,30422
7744,2002,55021,2,3.891050584,51400
7745,2002,55023,1,6.807815372,14689
7746,2002,55025,70,17.61861734,397307
7747,2002,55027,10,12.31906375,81175
7748,2002,55029,5,19.09271422,26188
7749,2002,55031,6,16.00768369,37482
7750,2002,55033,2,4.996377626,40029
7751,2002,55035,18,21.46332157,83864
7752,2002,55039,13,13.71004313,94821
7753,2002,55041,2,21.72968275,9204
7754,2002,55043,8,16.70355368,47894
7755,2002,55045,3,9.999666678,30001
7756,2002,55047,4,23.2234092,17224
7757,2002,55049,3,15.04588996,19939
7758,2002,55053,2,11.06868117,18069
7759,2002,55055,11,15.11653474,72768
7760,2002,55057,1,4.334633723,23070
7761,2002,55059,19,13.52621238,140468
7762,2002,55061,2,11.00957833,18166
7763,2002,55063,22,22.34614174,98451
7764,2002,55067,1,5.212948965,19183
7765,2002,55069,8,31.79776621,25159
7766,2002,55071,9,11.87413418,75795
7767,2002,55073,16,13.12615879,121894
7768,2002,55075,9,22.8867867,39324
7769,2002,55077,3,22.04261572,13610
7770,2002,55078,1,25.40650407,3936
7771,2002,55079,90,9.953693207,904187
7772,2002,55081,1,2.625843552,38083
7773,2002,55083,4,11.88707281,33650
7774,2002,55085,5,15.23229246,32825
7775,2002,55087,15,9.719495364,154329
7776,2002,55089,10,12.86686653,77719
7777,2002,55091,2,29.89983555,6689
7778,2002,55093,5,14.53234901,34406
7779,2002,55095,5,12.74892272,39219
7780,2002,55097,7,11.46995691,61029
7781,2002,55101,30,16.62132738,180491
7782,2002,55103,2,12.20107369,16392
7783,2002,55105,10,7.39666854,135196
7784,2002,55107,2,14.00952648,14276
7785,2002,55109,4,6.457758189,61941
7786,2002,55111,7,13.15517468,53211
7787,2002,55113,4,28.08988764,14240
7788,2002,55115,9,25.06963788,35900
7789,2002,55117,17,16.73739035,101569
7790,2002,55119,2,10.71581655,18664
7791,2002,55121,4,16.19302081,24702
7792,2002,55123,3,11.25703565,26650
7793,2002,55125,3,15.47907745,19381
7794,2002,55127,13,14.63074257,88854
7795,2002,55129,2,14.3636886,13924
7796,2002,55131,8,7.175016592,111498
7797,2002,55133,31,9.717776949,319003
7798,2002,55135,4,9.402251839,42543
7799,2002,55137,1,4.587155963,21800
7800,2002,55139,22,13.97739474,157397
7801,2002,55141,12,16.80084004,71425
7802,2002,56001,6,19.79087641,30317
7803,2002,56003,6,57.14285714,10500
7804,2002,56005,5,16.32333257,30631
7805,2002,56007,8,58.28354947,13726
7806,2002,56009,2,18.16860465,11008
7807,2002,56011,2,38.41721091,5206
7808,2002,56013,12,39.37007874,30480
7809,2002,56015,1,9.475080538,10554
7810,2002,56017,3,63.73486297,4707
7811,2002,56021,11,14.81062595,74271
7812,2002,56023,4,28.65740077,13958
7813,2002,56025,13,21.95871761,59202
7814,2002,56027,1,47.32607667,2113
7815,2002,56029,4,16.03142159,24951
7816,2002,56031,2,27.77777778,7200
7817,2002,56033,7,27.97649974,25021
7818,2002,56035,2,32.82994091,6092
7819,2002,56037,14,40.62917175,34458
7820,2002,56039,4,21.64853602,18477
7821,2002,56041,1,5.35389228,18678
7822,2002,56043,2,28.57959417,6998